relative_path,bytes,sha256
00_重检阶段报告_未完成.md,183864,2398e6833ca710339262f906c36e771f43c28d628a7ec9bb028bfe4072b387e7
01_检索方案与执行边界.md,3307,9511d28d6929fc9bb81736eb45101b4b4ad97b644733cce68a3e8c74a66bf961
02_谷歌学术全部结果逐条筛选.csv,14475328,75b9ecea513b11c71251b455e725ce3f8e62a8482ce4bb9f999ce432818b00b0
03_EFR全部56条参考文献逐篇排查.csv,49951,4208ce671e4432e1e7e5e2d9d800dc31ccfb341df79a49eadd25b6846b50e8b4
04_重检候选目录_暂按相关性排列.csv,8665336,6caeb1d3a526460fc4ba671079d31c22476f174c8b2970a5c7f167efb9b561dd
05_检索路线覆盖与终页核对.json,112292,b7905e45c84ce77bea0d2e4f2c08b1b3269e6a11e1f925439f1d65692eaecc1e
06_原始Scholar页面记录.json,9571313,9a82ae5551b0f4f161ec0d4f71d7aeddeb8f6fba70c5c1411f4390f977da0b2e
07_EFR原页与逐篇筛选证据.json,137636,1729694b4e2ffe9f5814c10ceb37ceedc817777173278b80b4fd4e1b97d1ad91
08_未计入论文的导航异常.json,1263,e8578a5e369e0910bb565923657b9c42e127e40ac16192bd3b9a75f6d1f69152
09_强相关种子620个参考文献位置初筛.csv,489577,c3813c1e4c231b232a2964aa091237fad55cbe3eddee13444e73379f2ba74973
100_V110新候选全文核读与效度边界.csv,16443,b5afe3a91039590adb97d5867ba31f338fdd773453d0f5840b5386b89042675d
100_图像伪造人类解释评价路线_全部观察位置逐条筛选.csv,152384,9e619a78ddc92b9e874c65c2b0340c6ddf6dc17a0d17628d3f0ffc7e91f3b1f7
101_AnomReason_FakeReasoning_ForenDeX前向引用逐条筛查.csv,15831,d269fe080aa2073635e42b56b3b2c833e32627fb98b19f313b9d802f71759f9e
101_AnomReason全部57条参考文献逐篇筛查.csv,14750,3b4f15fe5cc9fbd226e90947b4953f74b48f841a3a937e8963c7d174c3e88967
101_GeneratingAttributionReports原文64条参考文献逐条筛查.csv,32377,f76b8fd30cb9df678a71006d1b1194af53c0d69f542643a8abe64695ab933c60
101_VIGIL引文链相关引文逐条首筛.csv,5901,80dbeca821b2061c70042358cdf987efed45f668688b16df0e8861af00f30871
102_M2F2-Det全部97条参考文献逐篇筛查.csv,44093,b2453aa460dd479c5c7757bb6bbb5cb139204b1949e801fb3f517a5bb1c96280
102_SoFake解释相关引文逐条初筛.csv,5478,1d5885fbbcc8b3b7756e80aca14223bf26fed78340b7532e64a30a2ebf192acc
102_T02-F3-S2图像操作适当依赖式逐位置筛选.csv,46567,492b7e33db242859da71ab2b8217783f6a123a3ddf0191b30caf143e42803c8b
102_图像鉴伪可解释性综述_前向引用逐条筛查.csv,1853,0532b57f199e5c6bd8157272d8bbee40a0b38a896ff383cbe4858c549ea3b4d1
103_ForgeryGPT全部61条参考文献逐条初筛.csv,32151,7c1630d85d829a772e49f9d8b55db445db5069851e5c0ecd64d5aee0f6266660
103_T02-F3-S3_S4信任校准与解释稳定性逐位置筛选.csv,80255,ce7fe16478b592a7070024cde8c54761994f9175def134c2afba9a71ed3f672c
103_X2DFD评价链相关参考文献逐条筛查.csv,3557,4bfefc2eb1e3a1c87e9b84325d23a93285bc0f3c6413435a721545b129dc6290
104_T02-F3-S1及深伪人评拆分式逐位置筛选.csv,468762,0baaba514c6660415eb252d23ee23c2077d73fd03b82c3ea34f6bc2d8d1c9da1
104_谷歌学术被引链断点与受阻记录.csv,759,671838ae5b129ce20bbe6cb843ced5692c3fc75635958a935cd6633e0bf2b556
105_TriDF前向引用6条逐篇筛查.csv,6322,16b9e72660b0cd116284faa76f63cacb6c49d1ca0ea4e8c8b4e051921fab828a
106_本次阶段包_SHA256清单.csv,13785,b737d4511e5ffc2d3a72f07844d9ea41332c8b1580d71f050a93b8163675af50
107_本次阶段包_SHA256清单.csv,71294,5450c695e1bc9019d79c04b6b0008470088f492fe8699c3cb19d936098b24152
108_DDL与Anchors原始证据和访问状态核查.csv,3791,eea64d48cdae65ac41dfcdcf368323ab23cd393d6e8845c824b1692ca42249e0
108_MAD解释稳定性种子论文引文链逐篇核查.csv,4813,bfe9e1c703f179334439a1c1dfb373a87566e4bdabd1fc40379a57d3c83ba4e6
109_本次阶段包_SHA256清单.csv,14020,d776633057725ec6c4a31441d5121a02b6df21a8471760fdc62b7e984db371b3
10_旧337条逐项重审与对照.csv,138055,afa2598889249af2a0091502443ac347e48cb1aa0cc09e86fd5f2c7a9c82e058
110_T06-F2-S3合成图证据一致性逐位置筛选.csv,28864,ab20ab5de8659f363612448daac6291cb85826a2a87d332e185e6a739e0dc0fb
111_T06-F2-S4合成图解释一致性逐位置筛选.csv,34912,2f8c46688f362c029af1503532e0ba27daf5de5dd43743ef79a00feaef23060b
111_本次阶段包_SHA256清单.csv,14258,639f2b27e56a7ac39ad3181ead5826cc80e608610df8b47d29577785d65beb10
112_T06-F3-S1合成图人类评价首页试检筛选.csv,11540,16b35bbcad6e21f88809d8abb2097d6c889b032847020b0cddc27f95f7827639
113_T06-F3-S1-AIGEN人评细式逐位置筛选.csv,163129,e533e5d0940b19d7860a1bd8a2faa9b6389ca395686de9fdd8ad9f10ba863432
113_T06-F3-S3_trust-calibration逐位置筛查.csv,64319,892c2c0f02a5b662fff4004e259d26980b218d6e72170c115bd7747b6de66817
114_T01-F2-IMAGE-FORENSIC-RELIABILITY逐位置筛选.csv,237997,11eb2220a3c64a9f941109b9428ffe093a52257faedbe095a05dd5e26b5e326f
114_T11-F2-S1_deepfake_grounding_首屏逐位置筛选.csv,6007,84601c5936c26834ac1d79353d33ab5c905b0a557818c2d2333401e02b47c357
115_T02-F2-S1-MANIPULATION_图像操纵接地递归细式逐位置筛选.csv,11054,2274c87e3bb9c7d97a9cd2fb3c7076883c67759b516aeed75a1818eac0ae945c
115_T11-F2-S2_deepfake_hallucination_首屏逐位置筛选.csv,6055,306470788cc504745c20d216031d998267683665df4a0d06468b882bb13c3948
116_T02-F2-S1-EDITING_图像编辑接地递归细式逐位置筛选.csv,9934,988a5613726a2ce1bb5b721c1196672c3482dec9f2caeddbbd4ae0121caf5928
116_T11-F2-S2_deepfake_hallucination_第2页逐位置筛选.csv,6375,9803e036ea2e9701a42bf14249e0728ac384a5e8b1088ed20a6c35ee7cf60add
117_T06-F2-S1_合成图接地解释递归细式逐位置筛选.csv,11204,f766b77e737150a998971fa9d5729f4c00fc842c1a19ffe8a1f75129725622a9
117_T11-F2-S2_deepfake_hallucination_第3页逐位置筛选.csv,6241,ec7b9c13b61489c7ee7c14f90fd7f3410bed20b0c729327a5ab43732c0e069c8
118_T11-F2-S2_deepfake_hallucination_第4页逐位置筛选.csv,6465,ecf32ba82697195f0bf8a6310489743140d808ae14395653673b5c16b7d20df6
119_T06-F2-GROUND-FAITHFUL_合成图忠实接地细式逐位置筛选.csv,37815,b70205fede88f73b906656900e92e0fb3b3e221eed92ab58828b371a9d0d5d16
119_T11-F2-S2_deepfake_hallucination_第5页逐位置筛选.csv,6539,e715b20a529707d0d0b60f760b417ebe010172c6de07116e4e535c7cd9e9de09
11_目录拼接与未决计数.json,284,5467f55c227e9cfa2606e03ef6004b9dd923028332e201270ac1f60fbb362952
120_T06-F2-S2合成图解释幻觉逐位置筛选.csv,11042,734b0cf5ec5ead614b2a38f65bfda0d5d8c61a39f33742a43a9b67171966c853
120_T11-F2-S2_deepfake_hallucination_第6页逐位置筛选.csv,6402,1db02cbd96f1ad0b945625fa1be9d47a61c9562def3adaf4df53b7f4c52d41df
121_T06-F2-S2-取证限定幻觉子式逐位置筛选.csv,13164,8d5476c6aa09ea7d3385888b1a06faf473576a293c08bf4b05e92fc0be9c78ca
121_T11-F2-S2_deepfake_hallucination_第7页逐位置筛选.csv,6175,01dbce0231c336993e6ea19220911d352bbbcec5bdf340c40f5215f4566ad07d
122_T06-F2-S2_忠实幻觉明确短语逐位置筛选.csv,12434,093c70aa33078f9481a7c2ec3620b1aa56b90a06b7a19fca4bd23cf1465b03d4
122_T11-F2-S2_deepfake_hallucination_第8页逐位置筛选.csv,6256,6e1728c231f682006d666b38850ddbc7bd1a4085b7e2a001d2f45ed291c9f5b0
123_T02-F3-IMAGEFORGERY-HUMAN_图像伪造人评细式逐位置筛选.csv,90827,fbbaa5e9e5b924d14dd40246c01dbafbdfc876f55d2245045ccc0069c841a6b0
123_T11-F2-S2_deepfake_hallucination_第9页逐位置筛选.csv,6424,895d5280bf11e06a3f7c24a42611cd6805d5bff43258fe4a10778f3571e76d91
124_T06-F3-S1-AUTH_合成图伪造人评精准式逐位置筛选.csv,13483,81b658dc3e2e3faf4485e701aedfecf18ef8c0be18d63245afa9a7ee12010078
124_T11-F2-S2_deepfake_hallucination_第10页逐位置筛选.csv,6435,af4bb92a8c1705590f0a8360d45a2ebfb41626ab57f59cd69b0204d8fcb26548
125_T06-F3-S1-AUTH-SYNTH_合成图解释人评逐位置筛选.csv,984272,3859525763e7a83b2be46db2d59414b57db1129409c7a610ba29566c6dcef330
125_T11-F2-S2_deepfake_hallucination_第11页逐位置筛选.csv,6447,7291f8b3aefad437374773aec6652018e50a7bb2d4fa74308e936156e23b96e9
126_T06-F3-S1-AUTH-GENERATED_生成图解释人评逐位置筛选.csv,41193,1ba8fac7dffce477c2a2777f0f3839eed4d0599e58ad97c9ee5f301babe083dc
126_T11-F2-S2_deepfake_hallucination_第12页逐位置筛选.csv,6639,e284819d66b9679799a00943b32b7c465d52a746add2356cef4f84f4fbd00078
127_T06-F3-S1-AUTH-GENERATED-EXPLAIN-FORGERY_精确式逐位置筛选.csv,33924,4a4a042b84ca6b3fb6828e724127144fcd8c3d9d7bbae5b8fe08fdb7d41e6fcb
127_T11-F2-S2_deepfake_hallucination_第13页逐位置筛选.csv,6130,fb34dee05a30102ef11f5e17ce8729d76e92d3e9d36ccee5f5c1005ebb9ee887
128_T06-F3-S1-AUTH-SYNTH-EXPLAIN-FORGERY_逐位置筛选.csv,18555,9c8d779ebb6dc1f260daf9a7bdf60d61cdb7529439af79014df2e5f61c32dcb1
128_T11-F2-S2_deepfake_hallucination_第14页逐位置筛选.csv,6206,31443d5083b472d05608e8926ab9ce2275634ac40fcab24a81e511c47ee94801
129_T06-F3-S1-AUTH-RELIABILITY-TERMS_解释忠实一致性逐位置筛选.csv,23882,07b314b01d0d2386498a03de1117dfbf2058693b3e915286d824f04064289018
129_T11-F2-S2_deepfake_hallucination_第15页逐位置筛选.csv,6181,ab4b93dfae20ebeae2ddbe056211a9010fb341d8f6bbecd106831be7f6fb91d3
12_原页复核核心文献_按相关性排序.md,73264,7daf671fa188f435d18db56d20a36c9be7d41e9657147fb6a0a9cd4157b5c293
130_REVEAL前向引用逐条筛选.csv,4503,aebc08b1f3ecc314a3632af2f9c19d9c5c4f548854ce2d4cf6ef59fcf5134d96
130_T02-F4-S1_SANITY_CHECKS_逐位置筛选.csv,141177,ec4470c733656359d06474043ccaa331ef8cfb241f83fe3e8b478ec42f77d284
130_T11-F2-S2_deepfake_hallucination_第16页逐位置筛选.csv,6022,f3ec98fe0713da95f11b3546b2c596bbdd26610ee62d6ced0f95ded6c13642f5
131_T11-F2-S2_deepfake_hallucination_第17页逐位置筛选.csv,6219,1514945e473d7a3721b9da752b91bd451799953c17958e2bff3cb18277e0aff1
132_T06-F3-S1-AUTH-GENERATED-E1_逐位置筛选.csv,11245,132f2206e24f672d333a9118c13a9da1fcf26e8d0e607552ac94c2692a06802e
132_T11-F2-S2_deepfake_hallucination_第18页逐位置筛选.csv,6297,9bd8d40dfc0e9b42c0d1089706fa968271aab761d44326ad68d695695ee6f551
133_T06-F3-S1-AUTH-GENERATED-RELIABILITY_逐位置筛选.csv,22704,ade1c7602b889665d8ca19de9b28a688260fcd976a40dd579efb970470471030
133_T11-F2-S2_deepfake_hallucination_第19页逐位置筛选.csv,5988,9afadebea1e54e833da05ef576e6911e7b4d4d029540c9f2b96f00f875c98218
134_T02-F2-RELIABILITY-REFRESH-20261009_逐位置筛选.csv,8514,5b68cc635a5c475dba37aa2ff786853ce14668cfa63be43d7262157da3714973
134_T06-F3-S1-AUTH-GENERATED-E2_逐位置筛选.csv,11920,2ee3bf1f779826029195176b76e0fc914bb4002969dd83f2723117e85520b140
134_T11-F2-S2_deepfake_hallucination_第20页逐位置筛选.csv,6087,2df926f4034552c0b321261a755abe9f85c05d7533458e5751d4469d96724f8c
135_T02-F2-WHEREWHY-TITLE_逐条题录与原稿摘要核对.csv,1411,48023af8c70c3a4c4bbb2fe819b5e63d0731fb5f3101e533014716187f22537c
135_T06-F3-S1-AUTH-GENERATED-E2-R1_忠实性接地精确式逐位置筛选.csv,16765,b2ea07603693eb7991cf5968e91ee0edfeef85dd05d18e12dcc691984c57274a
135_T11-F2-S2_deepfake_hallucination_第21页逐位置筛选.csv,6374,20dc587e122eec68b0bf900f3fc2d607445fbec89083c8807be6e27213b59d93
136_T02-F2-IMAGE-RELIABILITY-COMBINED_逐位置筛选.csv,55327,c98e96630b765edd217d099c9965a6cbdf13d4d74736f7eaafa760585a994c23
136_T06-F3-S1-AUTH-GENERATED-E3_归因显著图与人评首页逐位置筛选.csv,11096,25be843e7b6b34ee2656668349f7eadc865d97a82efa70ae4372be6a2e1c9d2b
136_T11-F2-S2_deepfake_hallucination_第22页逐位置筛选.csv,6485,27d85cfe9ec31c9061dd17391c1534302218e8b43406aa6b7e15860bc6712cfb
137_PRPO原稿解释可靠性与人评效度复核.csv,1777,c4d3ae735ab213e744caee26059fd120b5afdec506757210fb8936664990f125
137_T06-F3-S1-AUTH-GENERATED-E3-R1_伪造视觉内容解释可靠性精准式逐位置筛选.csv,3328,88ba411867ea2a312804600da27f2054077922571851c0978b9887e7d487d7a9
137_T11-F2-S2_deepfake_hallucination_第23页逐位置筛选.csv,5742,c8b8bfd8ca9d33352cffb16908751573258a4ebb03e79b557c6e0097090650de
138_PRPO强相关引文逐篇初筛.csv,4951,bbf4e0c8937989f21119d85d5add7c7ca3202f0f7fd42c86dd2fb5dbe34e3bcc
138_T06-F3-S1-AUTH-GENERATED-E4_推理理由与人评首页逐位置筛选.csv,10325,523d49b2e9038627f967719c11b4d94b384a57aeeb390ade65b9db89c88dc567
138_T11-F2-S2_deepfake_hallucination_第24页逐位置筛选.csv,5820,217d53d51ea20201e7908e916a8398ca768b17ce8b2bce65e8f37b16281f857b
139_T06-F3-S1-AUTH-GENERATED-E4-R1_取证推理忠实性一致性细式逐位置筛选.csv,9562,20c0791c15d9684f85af501cd22ea53e2bf0bc272ceb08c0e385ab3e6d3ac4b4
139_T11-F2-S2_deepfake_hallucination_第25页逐位置筛选.csv,6266,bc55ef8ff21cd22c32db7cda4f8e5b7613d58b972239b5f77159f8deeb0a870e
139_X2-DFD原稿与人评效度复核.csv,1870,9949750d47b6bf3c422ff93f6c92b0a10f96e2e7251c8b9f3ec9119f185aab77
13_原页复核核心文献_按相关性排序.csv,90658,535f91b4857954a3489ed1995375e636c9fcce04efeb89668ab7dd222e1667f7
140_EFR原文空间接地与可靠性边界复核.csv,1656,1d01fd3691f5187aeeb9917179ab730ef7a2dfa5b05f11bcfe337619c329e091
140_T11-F2-S2_deepfake_hallucination_第26页逐位置筛选.csv,6288,6ece9e8507bbfe81c277f3c50a4b7226b0d56fb754d531a90253ef20e7455efd
141_FakeBench原文解释评价构念复核.csv,1527,c2f9476a9d37c5773831a805c6631780649090d4e51bad818df3b711a957373e
141_T11-F2-S2_deepfake_hallucination_第27页逐位置筛选.csv,6420,fbbb1a16a7b118e5d7d359d34c98211bdf1207244ebb60cc7dd29d8ccc11cf0a
142_PRPO全部76条参考文献逐条题录筛选.csv,20569,1720d001118036125db53d68636eb9fd3ddac569a2a1d6920b9c18f39404dd68
142_T11-F2-S2_deepfake_hallucination_第28页逐位置筛选.csv,6511,e544397d2214c2cd30c696b25f9726a7f46fd27b39492e4eb614d2acb343f4d2
143_FakeBench引文发现的早期解释与标注可靠性论文.csv,2540,516b7c25540b87d947b30855bbf1b4b0276811e10161493af0e398a34359a4a0
143_T11-F2-S2_deepfake_hallucination_第29页逐位置筛选.csv,6124,b7dd4a789dd7a87f5803890d6de591ea144b6c9320a8bb3a279886971932b677
144_T11-F2-S2_deepfake_hallucination_第30页逐位置筛选.csv,6047,ff5028ac09e89bd17a43952157d402c194e6ef41b7a565eafc9b91d2cfb99215
144_V108_image_forgery_explanation_reliability_前15页150位置逐条初筛.csv,97430,0b25bf203b7828494fa8748f0fc48a69389e21abdc8d94f5bbc83abd7270ea44
145_T11-F2-S2_deepfake_hallucination_第31页逐位置筛选.csv,6655,5f0967a72480a45c151c42aac0c055e07169a20687cc74c1f47a8d7ffd331299
145_V108_image_forgery_explanation_reliability_第16页10位置逐条初筛.csv,4916,3458bc2da84c3c7dbdf96252af9ae5e8b8bf3b66c50df8c899f1687016327762
146_EDSAN_38条参考文献逐条题名初筛.csv,21148,75e8b333bff94e505268bb243d65ad2bc3ad478ce1459b7924a8598aceb6182a
146_T11-F2-S2_deepfake_hallucination_第32页逐位置筛选.csv,7251,68e4181f12853357b26fb18cdad06efa34a2915bf07dc0eb2ac68d23d314973c
147_EvolveReason_50条参考文献逐条题名初筛.csv,29245,56148a55863b8544946995cd47d4ee803d0a388847a06e93cceb47beb97810d9
147_T11-F2-S2_deepfake_hallucination_第33页逐位置筛选.csv,7026,7fbf7947e05951b86db5cb072f126c622ac994fea2e4d4a587456c72da2c5e8c
148_T11-F2-S2_deepfake_hallucination_第34页逐位置筛选.csv,7345,b02dae7b4e68e0d43d179d6dc7c48a138569d18f816ea3eb24ab30b31208c08c
148_V108_image_forgery_explanation_reliability_第17至19页30位置逐条初筛.csv,13532,0316bc75661fc22a3a96fe52328f928b54e10757eda1a391405c4aa48202ede7
149_T11-F2-S2_deepfake_hallucination_第35页逐位置筛选.csv,6526,b0639476cd54ebd2948cb32e4cf4b0921abf347b8ca3697c1548260c5d50cc75
149_V108_image_forgery_explanation_reliability_第20至21页20位置逐条初筛.csv,9612,a00b3e3f5c1075f2bba0686bf6d56be296dbf453268d99e0af0611806051eaa1
14_阶段计数与验证.json,5391,340c542acfb1f19fafe9ce269d4d48614831a2455af9e0e9717d98024a818137
150_T11-F2-S2_deepfake_hallucination_第36页逐位置筛选.csv,6962,4c213706958112e8d3929d601108f7b0c37acf36597fe4c5b4fdf299d8c28f21
150_V109_image_forgery_xai_faithfulness_page1_10位置逐条初筛.csv,10115,e44775423368c7b87bb22fdc932df317e6f2921ccbc38779656a1befb6d216c8
151_T11-F2-S2_deepfake_hallucination_第37页逐位置筛选.csv,6876,374b3037b0cf52d611040e19997f79da58f74176a0e19d7da2b9953d82cb34ea
151_V109_image_forgery_xai_faithfulness_page2_10位置逐条初筛.csv,10562,584bf4807071f4f6904df2f1fc6a84e3237134ce78cf33f0cbc261270edc8a4c
152_T11-F2-S2_deepfake_hallucination_第38页逐位置筛选.csv,6789,85d8ea3a133a38dfeadeb052703dc234c9113a96bb6abfd8a90a59ecccd6a075
152_V109_image_forgery_xai_faithfulness_page3_10位置逐条初筛.csv,10496,2cf1e18b96fe4f659c862590b5d3ff8d84476c4675e267615bb23a6ba41e8ba5
153_T11-F2-S2_deepfake_hallucination_第39页逐位置筛选.csv,6975,2b797f4231566607296e869993f3cc15ffebcdcfd94b68b96cd02e74c66ef7f9
153_V109核心候选原文证据与效度边界.csv,28196,129b8945c5e62c61918d194968e9593f6e6fa6b52d784973aca119b48d4380e6
154_T11-F2-S2_deepfake_hallucination_第40页逐位置筛选.csv,6816,b57f8e702e62817c7bfac25e7a2f95f5e74a26964dfae802c04e160d039f2d78
155_T11-F2-S2_deepfake_hallucination_第41页逐位置筛选.csv,7024,ad50da7d3d9c02502f955fa4291b0ac23d889c66d46cfa9fc0f24b405c3d0689
155_V109_image_forgery_xai_faithfulness_page4_10位置逐条初筛.csv,10808,9d65499b4f58a65cb9d610399a0412fa9f6cec23779486841eff2225cf5f28d2
156_T11-F2-S2_deepfake_hallucination_第42页逐位置筛选.csv,6807,37f26aa5df39c480f70f5d9191965cdb7445e97ade58cb3bfe6649106f2ae539
156_V109_image_forgery_xai_faithfulness_page5_10位置逐条初筛.csv,10459,aa7abf31ddd2187a303ac84e027d8b286732dbc4da1b2368ff9892ea58d202a5
157_T11-F2-S2_deepfake_hallucination_第43页逐位置筛选.csv,7444,1c7a29ec887c955482e111f98365ebd63855446cba9f59fc44c5b2019a515fae
157_V109_image_forgery_xai_faithfulness_page6_10位置逐条初筛.csv,9952,8eb89a1f28e267a443bdda7dacfd59ae98ba5dda85503cd666a047c5c692f456
158_T11-F2-S2_deepfake_hallucination_第44页逐位置筛选.csv,7386,39a2abe9e88b1c070120455ef2d6f7206ffb08215a0067c29ea2df38df9ef421
158_V109_image_forgery_xai_faithfulness_page7_10位置逐条初筛.csv,10555,61e8cd78a12bfc24d93b1fbc14e179aaf0e1304bd6a85ecdd51a35e8afcad26f
159_V109_image_forgery_xai_faithfulness_page8_10位置逐条初筛.csv,10331,4c7d00a7c22791127f52ac97e029960a1646960f235d9efca75a533b4c9b3d06
15_候选原页获取尝试与失败记录.csv,866762,7d4cae1cc06fd9f8d1d00c18b0fbd30c0fb4cdcd5a7fb1bd245bb4dbc959b917
160_V109_image_forgery_xai_faithfulness_page9_10位置逐条初筛.csv,10224,b47d53bb080f0caebd454ef0d1aaee39a97cd1622a99fc5a688ac543a1814bfa
161_V109_image_forgery_xai_faithfulness_page10_10位置逐条初筛.csv,9766,e9e1dd43cd6f3a460d74be4ba4d1cd2b7e78e9e9a0f764f347c18f0f808c925f
162_EFR参考文献55项逐条主题筛查.csv,19166,09e47dd8d58a3bb04e8904337aa94977c7c30dbabee7219831d86faf739af33f
163_V109_image_forgery_xai_faithfulness_page11_10位置逐条初筛.csv,10641,ed6a65b613f02f6f843db10310040ecb9749f8472455e62b27add6ef569cba58
164_V109_image_forgery_xai_faithfulness_page12_10位置逐条初筛.csv,10027,1c7502e4c2a81ba61cb500925c53c45b6fbd77723a336384e143f4d61fa5964d
165_V109_image_forgery_xai_faithfulness_page13_10位置逐条初筛.csv,9933,b77826417e72466d7ac9b6ca203c663a21d92438292c21a8c9b7b85e827ca6fe
166_V109_image_forgery_xai_faithfulness_page14_10位置逐条初筛.csv,9525,0188133a737a39d9f3fb2e23d4b248cbe371cecfb2ab4f7b2736a9ac9d68edd1
167_V109_image_forgery_xai_faithfulness_page15_10位置逐条初筛.csv,9386,935996dddede85e976b1adec41c65db4c8cbe586cdc1f8b8047d5e8ed29ae2af
168_V109_image_forgery_xai_faithfulness_page16_10位置逐条初筛.csv,9842,f8f07c797c9a3dadd47786bee5bb31690cf1249bf46029918763ab52b6b1953b
169_EFR强相关引文原文核读记录.csv,9635,63047c8087c96b4c814bd1e2b9c9fb248e2c1dc3c04b665263b8f650a8f961c2
16_补充Web结果逐条初筛.csv,183075,c332cc2df73c4a5b967ed9c73a90e04adc7ced66806ea41dee48f9cfee0cb2f6
170_V109_image_forgery_xai_faithfulness_page17_10位置逐条初筛.csv,11221,d1010f7111f4e7288a7be547cadfc18b14c5dfbb9aaf5c56134749156ff2d5fb
171_T06-F3-S1-AUTH-GENERATED-E4-R2_忠实理由图像认证精确式逐位置筛选.csv,1232,f813f4b34315460dfea188811023adc1b7b98c161b94335020ee60b3b02fdf33
171_V109_image_forgery_xai_faithfulness_page18_10位置逐条初筛.csv,11810,6a2374ed9ab4f7934ec0d152f82eca473432d298243433ee9b9cd4ae36e10494
172_V109_image_forgery_xai_faithfulness_page19_10位置逐条初筛.csv,12112,4f73c5c049c698556e85e838ad8944b5b88a84feb630a9f23540da4511576d55
172_强相关核心及邻接论文原文解释可靠性效度核读.csv,246250,8098ec822c3321bfb7258e7283ca9cf1c63b792d7e483df96b708b6ed92bfa5d
173_T06-F3-S1-AUTH-GENERATED-E4-R3_图像真实性解释忠实性逐位置筛选.csv,9785,6cefb14c46cd920e43e15e54fc2ad53ab8c9a655e9c26928fdde6f2305e7c1df
173_V109_image_forgery_xai_faithfulness_page20_10位置逐条初筛.csv,11846,2b4693b178bd5f84dc5bdf0aa3ee94690d78ec22d10c529e279d9afcc3c3ccd2
174_T06-F3-S1-AUTH-GENERATED-E4-R4_图像真实性解释忠实性精确式逐位置筛选.csv,4206,cbaf9482ad54f5445dc8645c5bad3c0e5854752e95023826bf592d6db089857d
174_V109_image_forgery_xai_faithfulness_page21_10位置逐条初筛.csv,11829,0981cbdeb1b4fb3fbf272804c9f634b86a9ed96c0bc21a13032349547d14ca5f
175_T06-F3-S1-AUTH-GENERATED-E4-R5_伪造操作解释忠实性精确式逐位置筛选.csv,16631,4232f6c99be6c8157fcbe19442b7604e4581be97950a75120baa508c81a4178c
175_V109_image_forgery_xai_faithfulness_page22_10位置逐条初筛.csv,11642,994380bc1d26be7e781d8ca4fe3878f091bda6a31df2f60bddc38088977f1437
176_SGEVL_Forensics参考文献15项逐条主题筛查.csv,8076,2302a1f98eb1924f393387f1d1e1e99f1bf32bf01669f0e9f4c3c6388b2d61bf
176_V109_image_forgery_xai_faithfulness_page23_10位置逐条初筛.csv,11851,e99fdef3ee2c9613af0de604cffbe9a0a985be3eb6336103f4d8a18761ba2d82
177_T06-F3-S1-AUTH-GENERATED-E4-R6_取证证据解释faithfulness逐位置筛选.csv,191532,ca910fb4e7d24c32ca7509ae2361d8230a67d56ea6f61a5de478cbba1cb20fd3
177_V109_image_forgery_xai_faithfulness_page24_10位置逐条初筛.csv,11431,e0442f86a7dba9fa8270169bda62cbea7c8351a69c6b7cb1ab97736eba81bb51
178_V109_image_forgery_xai_faithfulness_page25_10位置逐条初筛.csv,11974,37b1959239a74112afd525cdf2655649714700e885a82fb46ade6e4f1728aaab
178_WhyFake参考文献45项逐条主题筛查.csv,17465,bfb3556c1bc113134206ba14e8090e0f2c959ce259af884865271c413f60ee2a
179_V109_image_forgery_xai_faithfulness_page26_10位置逐条初筛.csv,11691,bc16be03ad02ac07af681675642ff560e1695974eb237157ca09cb34e674eeee
17_文件与覆盖一致性检查.json,1551,5fcd7d736a26996ae89659d39c5823f673d6cb9be8494d782b51fda4d3e46d45
180_TowardsQuantEval参考文献38项逐条主题筛查.csv,14729,317afb9a97ae7d07b5815e723a53893c7b8ef77fd59fa178876ce0c31aa090d3
180_V109_image_forgery_xai_faithfulness_page27_10位置逐条初筛.csv,11674,fd1be1f359687ca19c2a52b14f0585c3fb98db3ea730f24388de78a0af531a5e
181_PixelsDontLie全部55条参考文献逐条主题初筛.csv,35800,3797da7366f0eb02914ec0177026c8cc38f94ea5a8db1b467d3fb92e87ece074
181_V109_image_forgery_xai_faithfulness_page28_10位置逐条初筛.csv,12198,dbc03b7c0fb7b10fded518e4973550aad78fc9e3afb9dd35bb5161efe84cd140
182_V109_image_forgery_xai_faithfulness_page29_10位置逐条初筛.csv,11527,109bc12bcbb6fbbde70ec596a95185a4015940812f387a29b90669245f9728d4
183_V109_image_forgery_xai_faithfulness_page30_10位置逐条初筛.csv,11559,b6e088bb58d6f39744807c7a2c64b321543e41bafc463017f55b7e368d046ed4
184_V109_image_forgery_xai_faithfulness_page31_10位置逐条初筛.csv,12131,a0e2516a1db632f4dca6fa9ede8de6ce2fe8b30348efdb6bfa435c1a9fa34e17
185_V109_image_forgery_xai_faithfulness_page32_10位置逐条初筛.csv,12111,080420d84ccf64e3de8cfb81e82836cfb60b0bdb0b9df1292c450e443f2e0305
186_V109_image_forgery_xai_faithfulness_page33_10位置逐条初筛.csv,12072,65e11fd353136311014049e611c45cefbdaa594aa5ba288bf7ff14c77dc3a75f
187_V109_image_forgery_xai_faithfulness_page34_10位置逐条初筛.csv,11823,fe4088929952cbe9063775a839fd17d6e934abc41f6670fe2b65c51c19f3417b
188_V109_image_forgery_xai_faithfulness_page35_10位置逐条初筛.csv,12018,f65ecaa372e507bd736a33206963eeac501fbe48752eea81ce60bd8173e47e7b
189_V109_image_forgery_xai_faithfulness_page36_10位置逐条初筛.csv,12029,44a2a947b2360a4fa7d79f8dbc6fac260ef89d8801447386148d5664d47c2ea5
18_分页上限分段补查_差集初筛.csv,76746,217fc6b896f140d1de919a8e58c7601606f101a0fd84987142ee2a1c5520dc49
190_V109_image_forgery_xai_faithfulness_page37_10位置逐条初筛.csv,11850,f0f7bc31f818004ac0f234da6ef6b68f340b10fda526aae033f7b713f79a0274
191_V109_image_forgery_xai_faithfulness_page38_10位置逐条初筛.csv,11939,1d97404b675e808e966218b3156e192dc9a218a5c83ec53fbc19a4e29655b5a8
192_V109_image_forgery_xai_faithfulness_page39_10位置逐条初筛.csv,11738,a3b49a3ab59509ca6946206c9ad64d4e4f1c94e0dc8763bdfb9d401811822521
193_V109_image_forgery_xai_faithfulness_page40_10位置逐条初筛.csv,12325,4aa56fdd6047c350499c957a57601b30e2d9966660bb448128be95b462949ecc
194_V109_image_forgery_xai_faithfulness_page41_10位置逐条初筛.csv,12521,4a44f36bdc2c10f86bde403b02f68bb9c92a6bfa5a00ad3a4c8a5a6c5df1c709
195_V109_image_forgery_xai_faithfulness_page42_10位置逐条初筛.csv,12338,cdb161b0ef8daf003b4bc36eeb4f48681e3e713e9824e4f38ab59c83f48747fd
196_V109_image_forgery_xai_faithfulness_page43_10位置逐条初筛.csv,12233,6b59cc53ae0563f0403bc59a6fa7dbeaa03f404b3a2843ce2405cad599fd0c38
197_V109_image_forgery_xai_faithfulness_page44_10位置逐条初筛.csv,12308,5c98e760b2d941f95593316a747ece7ce1318fc22e42565866f8a5fced9694ad
198_V109_image_forgery_xai_faithfulness_page45_10位置逐条初筛.csv,12835,d2a67e2f05535cd5fdde2b7a8f1280bb8742e2d45e0dbfa580180f2ec4f63a80
199_V109_image_forgery_xai_faithfulness_page46_10位置逐条初筛.csv,11885,84f887c28fe3e0652200691d1c7cfbfbaf77393f01f007d93418fa00e08cb89f
19_BeyondAccuracy全部33条参考文献初筛.csv,31306,4aa54f9c504d9b975742129a4b43d90847eb4e28b7ca4e56348c69ddc295d879
200_V109_image_forgery_xai_faithfulness_page47_10位置逐条初筛.csv,12384,c09fe099b36d23d6b5609ace5b2aa932641911792005e7f3a77353146092bcc0
201_V109_image_forgery_xai_faithfulness_page48_10位置逐条初筛.csv,12471,f0627e91661152123a4035de7b85260120e61009d5f6c174083c7537ca0dbdbb
202_V109_image_forgery_xai_faithfulness_page49_10位置逐条初筛.csv,12419,03c6561ac66df337f7f19b8645172dffee612417d99885a8d9fb43584dce58d0
203_V109_image_forgery_xai_faithfulness_page50_10位置逐条初筛.csv,12561,d89a72a6ad457636275ce1ad94547ce24c3e96b548c73f40b5b302bc09aeba37
204_V109_image_forgery_xai_faithfulness_page51_10位置逐条初筛.csv,12601,bc5fc7ca5c0639b1d235f5d578103b87610fbaf07df232996a1947eb51576873
205_V109_image_forgery_xai_faithfulness_page52_10位置逐条初筛.csv,12675,3ee5ee36533ad14cad4a8a2f82f60dbb200eb0b905da94a491cf9abde0913260
206_V109_image_forgery_xai_faithfulness_page53_10位置逐条初筛.csv,12258,0a43b0032cc6c9eaf1ec6148c83cd0ed594f89b92d48111951d81354337cd703
207_V109_image_forgery_xai_faithfulness_page54_10位置逐条初筛.csv,12711,0d646be4a66de2811d0095b7dedde2cdd549fda1619db524c19b13b8449aa46d
208_V109_image_forgery_xai_faithfulness_page55_10位置逐条初筛.csv,12439,480444661553ee3b1ba0038444378af07a65dc369d1a755825a822ead55e9928
209_V109_image_forgery_xai_faithfulness_page56_10位置逐条初筛.csv,12847,46e4f51660cf171f79f297e77ceb1ded9b6f6d1078e26ca41670ddbe54afe7b5
20_Escalate全部15条参考文献初筛.csv,12516,659a640a0a22ec81402d6f1b207ce40e3161d984f050740148699c0b45759a68
210_V109_image_forgery_xai_faithfulness_page57_10位置逐条初筛.csv,13021,3cb8bc9c9558e086c9cef4fe8b8506811212cc33b21102d0ba58f6caf5d73cfc
211_V109_image_forgery_xai_faithfulness_page58_10位置逐条初筛.csv,12241,d8118f0381efdfcbf9443d40918b8a4d769101e86a3546f240dd4abf9c9a9ab7
212_V109_image_forgery_xai_faithfulness_page59_10位置逐条初筛.csv,13241,c37fdd34a981002ca1d266c762d597259586f94d4264db13b21d9cf5a86a0bdd
213_V109_image_forgery_xai_faithfulness_page60_10位置逐条初筛.csv,12503,c3f19a25fa7c641af7ea35834460ceba757601c10cb3beadece110b44f580147
214_V109_image_forgery_xai_faithfulness_page61_10位置逐条初筛.csv,12742,5d2e7294fa901c1fd3a545f4d6e8ccb5a0a4a8c83b9f8804e41b6c90a4f17b57
215_V109_image_forgery_xai_faithfulness_page62_10位置逐条初筛.csv,12336,7403feed62b4bc599ea1d8748d2bd9ef1f66bae21955a77643eafbc5f50a94cb
216_V109_image_forgery_xai_faithfulness_page63_10位置逐条初筛.csv,12595,30ec4c1ae302056e967ddff380a38249ce11251b3fed83892beea4c04b44a8eb
217_V109_image_forgery_xai_faithfulness_page64_10位置逐条初筛.csv,12475,269c0e2cb1032783f3dbf0a3d140f1e26a5e01828b6952f01f8e411125aedda6
218_V109_image_forgery_xai_faithfulness_page65_10位置逐条初筛.csv,12606,db2c7d1699a85add1cfe3747e14d0b9c98aef6d19f1f1387b7591fd79201b013
219_V109_image_forgery_xai_faithfulness_page66_10位置逐条初筛.csv,12172,3d752ad37c2812c31986a41a513facef71a4cff39f8cce3b820df2f20b0ba438
21_SEEffGNN全部32条参考文献初筛.csv,25070,8e7ec988395fbeb3f8b3073298c385a06167a428620c89c4cf36c23770c0a468
220_V109_image_forgery_xai_faithfulness_page67_10位置逐条初筛.csv,12400,fab25c88a167903c5fe86a5b6113b3ca255cf3e44f62f23cd3a09c28df214d6b
221_V109_image_forgery_xai_faithfulness_page68_10位置逐条初筛.csv,12599,5763fdaa7307053aedcbac60544f1b5fac202612076fba0743d9e99c8a1e3b1a
222_V109_image_forgery_xai_faithfulness_page69_10位置逐条初筛.csv,13021,2079339cefb6a00a37ffabf9486b0f548cf2799108189ffe2334b5409b949868
223_V109_image_forgery_xai_faithfulness_page70_10位置逐条初筛.csv,13264,411d4e0a34edc29babe6536e63bcd3dc871f6591988296366c416ee8d1a3603a
224_V109_image_forgery_xai_faithfulness_page71_10位置逐条初筛.csv,13494,b164a714136797fe6313529653c085eba06b88562ef350ae3e8c3ec15b59a1fc
225_V109_image_forgery_xai_faithfulness_page72_10位置逐条初筛.csv,13103,ac0a495d1c4d6050d5b51769d78071dbcee122f3f9058a15f3fdc7962bd459de
226_V109_image_forgery_xai_faithfulness_page73_10位置逐条初筛.csv,12876,35c736c0c5e619b7473a09e68b61b18f0e0281619ab21c8f3176a31e0fbae718
227_V109_image_forgery_xai_faithfulness_page74_10位置逐条初筛.csv,12611,ae8b6df6bf625b97957742a34158630b20e3478094f0f10724c204118105055e
228_V109_image_forgery_xai_faithfulness_page75_10位置逐条初筛.csv,12999,9a19a8e369e5661732fb945e9100bd3048c15f7f92bc34d585cf121232f1192b
229_V109_image_forgery_xai_faithfulness_page76_10位置逐条初筛.csv,12903,c982ae8baad53f1f412343d7dcd61084b31a8c32f0b3e95a92baedf1396a708e
22_检索词覆盖审计_实际与未执行.csv,18379,56347c2ac32f6c54e0c78594b117cc8b1b3219abea889ceb9d889e016131b21e
230_V109_image_forgery_xai_faithfulness_page77_10位置逐条初筛.csv,12762,5de89872031693e65957be5d883f7a590a611ffdc2083293c18768f774127cb2
231_V109_image_forgery_xai_faithfulness_page78_10位置逐条初筛.csv,13210,e8464a1cadefaaa9dea06893cbe1a948263adbe85300b0bd327b78eacf8c52d8
232_V109_image_forgery_xai_faithfulness_page79_10位置逐条初筛.csv,12672,a014391d6f6a9d3d9ef3584bdd6c7aafd7a6114ebc82da9b070a41bfc7744c13
233_V109_image_forgery_xai_faithfulness_page80_10位置逐条初筛.csv,12942,a1add4095002b29da176fd4fb752045b69d1933144f13dd3c28d2b2cefe19dc8
234_V109_image_forgery_xai_faithfulness_page81_10位置逐条初筛.csv,12637,fc4b0b60ccb56828cbf6407c91ffc7a2f61c4591be475615ed157129a8d1dec9
235_V109_image_forgery_xai_faithfulness_page82_10位置逐条初筛.csv,12990,0585d4fa32dc9e3d9c1f8eae24cfb56bec13fd50122bdc1aabd6927fae23d573
236_V109_image_forgery_xai_faithfulness_page83_10位置逐条初筛.csv,12956,7aef9fc34d97a66a01c3ff191889a13088e6f52b85d1080b3e441437731f9ca1
237_V109_image_forgery_xai_faithfulness_page84_10位置逐条初筛.csv,12741,f9c10f9bb04f76ba635edcc57d1b7e06646de12b4c6f2b1077a407b0900f795f
238_V109_image_forgery_xai_faithfulness_page85_10位置逐条初筛.csv,12376,b72852a6398fa2530730e6148afaef4393383a8d750ff0465455692e61cff07d
239_V109_image_forgery_xai_faithfulness_page86_10位置逐条初筛.csv,12889,ef171adecb6e6f3821601601bb8c146edee8282739f4323db5371b16f1676f50
23_中文索引异常年份补查_新题名位置初筛.csv,92578,c84f9558163b80ab2f8e6085055382696cb1e13881f6620e4a8d60b3918adea5
240_V109_image_forgery_xai_faithfulness_page87_10位置逐条初筛.csv,12970,c8356b1be6d2f7246a3dff852e38da976990caed2226cd631efec9bf0d6be860
241_V109_image_forgery_xai_faithfulness_page88_10位置逐条初筛.csv,12927,1e8cb640ad25d293b575060e1c479873199550a216b10fc1effd0d7c063cffcb
242_V109_image_forgery_xai_faithfulness_page89_10位置逐条初筛.csv,13138,9c37966afaa0a5b185b8be0e449729cfd131781ee907d8474e8d1b5525b1d5cd
243_V109_image_forgery_xai_faithfulness_page90_10位置逐条初筛.csv,12748,33e01bda69cad905f892fcf87ef6e70f85444775d4d84c98cc70111d2a025c0e
244_V109_image_forgery_xai_faithfulness_page91_10位置逐条初筛.csv,13149,c944666f520bc8cb3dd0f0084964faf5391844b60b1a46febca1ecd56e17ae24
245_V109_image_forgery_xai_faithfulness_page92_10位置逐条初筛.csv,12847,2c7bd2fe9916dcdee8a770a6b7cc9077fddb9943260ea202bc21d4906b6bf40f
246_V109_image_forgery_xai_faithfulness_page93_10位置逐条初筛.csv,12984,8180923a54b40031c5e78ce4ff89a449ee25a8699974690aa1f0e3e1351fabbb
247_V109_image_forgery_xai_faithfulness_page94_10位置逐条初筛.csv,12468,58f423eebf21a26659b3187406f84465d5a69489a629756141b0d8dc46a69c77
248_V109_image_forgery_xai_faithfulness_page95_10位置逐条初筛.csv,13088,9d9f1739702718addf64cb6643b3250ac35aa13b7719eaf87320e3b4e83e30bc
249_V109_image_forgery_xai_faithfulness_page96_10位置逐条初筛.csv,12863,85e53cd8a69f9982c056049d089a9222dd638417a8de0feedebd31568234f05b
24_DDL注册参考52个位置初筛_原稿完整性待核.csv,51671,440b30abf0714575d01942425410afb4c5b10143a788b95282bac771dd8760c8
250_V109_image_forgery_xai_faithfulness_page97_10位置逐条初筛.csv,13131,3f5160615cadc1d41b04a2b3e873da4083b942bfa6299e4ecbfbc40d8054d29d
251_V109_image_forgery_xai_faithfulness_page98_10位置逐条初筛.csv,13265,1ac43f1de82aa120a9f68fc6d4ce72930679c4e8bd8c6b82e5f525bcc4437e31
252_V109_image_forgery_xai_faithfulness_page99_10位置逐条初筛.csv,13255,17a31215777631131a5515ade0f35ba8f1feaf43664b1a51ea85de11218c7923
253_V109_image_forgery_xai_faithfulness_page100_9位置逐条初筛.csv,11883,130f6a8a207ca50f9a650503381fed664c9945e1d4b230c5e0df84adce912b4a
254_V110_reliability_terms_no_evaluation_page1_10位置逐条筛选.csv,12877,5d05c518cc13e5911c533fee402a2400342652c88c680e3b01ec8873a2d63d2e
255_V110_reliability_terms_no_evaluation_page2_10位置逐条筛选.csv,13700,0d5ac3ecc5f96a5e7c7086dfb100c98aaaa8af1527f46ecfa5a7c7fb9431c57f
256_V110_reliability_terms_no_evaluation_page3_10位置逐条筛选.csv,13329,c26e58142a7497438b5e60db15f959169fc43beba02452c83046b3e68e30f32f
257_V110_reliability_terms_no_evaluation_page4_10位置逐条筛选.csv,13187,9a796ec0b532b9c02c53a95d9c9c187ee437a991e283e8738dfbd26e2440c52c
258_V110_reliability_terms_no_evaluation_page5_10位置逐条筛选.csv,12860,626e9f0b31012920615e4410849086ae4a06e2bbc3c7feb1c167f157fd46d234
259_V110_reliability_terms_no_evaluation_page6_10位置逐条筛选.csv,12962,411ff1f5daf718b59d76004600096d649fd336419335675498403df5b6f90fc7
25_DDL被引DOI题录获取40次审计.csv,15996,5e5ce0d69cb2f070eac429ffcf306e656badc26204f051669b53d929348e33ca
260_V110_reliability_terms_no_evaluation_page7_10位置逐条筛选.csv,12841,e4ddb3e8524de4a393771ee25858b32c518dd38cf3f34b39cbe38b3b98eccba4
261_V110_reliability_terms_no_evaluation_page8_10位置逐条筛选.csv,12489,7b40eadc9e328b4a81e0d7920aa8a8c900069c41979bdd29fcf6c47667fefe67
262_V110_reliability_terms_no_evaluation_page9_10位置逐条筛选.csv,12227,cc4f670bd94a112e56bf09f7c636629e3c1091478efdcd23f85f95453f92382f
263_V110_reliability_terms_no_evaluation_page10_10位置逐条筛选.csv,12721,4f524a1e0605c69d2c00101c7017f5bdd4fd18795944e5d8974d13ec0285546a
264_V110_reliability_terms_no_evaluation_page11_10位置逐条筛选.csv,12606,0b4a07e411b08c1d3ee86aae1d17535de9ba24403d29a54a495ef1406bd815be
265_V110_reliability_terms_no_evaluation_page12_10位置逐条筛选.csv,12283,b6c0e1d9509b2904a975879d7a38519fccc9a48d6f14927710a40572d2dbd8cd
266_V110_reliability_terms_no_evaluation_page13_10位置逐条筛选.csv,12921,6aed2dcef104f1df041285ea766c9269663f8740f58d5ff11bd8b045a8cb0d7d
267_V110_reliability_terms_no_evaluation_page14_10位置逐条筛选.csv,12265,04a129b9113971908ced183a60a78cc7121f82d04fdc0a3102b531117aa4edb2
268_V110_reliability_terms_no_evaluation_page15_10位置逐条筛选.csv,12706,039d5a388f736cbcc5c3f99bdbe63ef610959ed862dfb90b5b9c5161fab86dc3
269_V110_reliability_terms_no_evaluation_page16_10位置逐条筛选.csv,12481,6d4975a788749ee02c7ab065866d7e8088ab40d1fe44e5ef5f6368efb9403d8a
26_SGEVL全部15条参考文献初筛.csv,11506,6b0e0f49fba19b28cbbd4fa92064ad947ddb5254c7b795be01ee2d0a734d3c48
270_V110_reliability_terms_no_evaluation_page17_10位置逐条筛选.csv,12545,e2de12864da6cf0f565638468c1d55b55392745b29a01f540902b400b51a2a35
271_V110_reliability_terms_no_evaluation_page18_10位置逐条筛选.csv,12529,e94c48a12437fbdd587075ecde9bf25ea22cef442ee5cb9b73caab8d8ec266ae
272_V110_reliability_terms_no_evaluation_page19_10位置逐条筛选.csv,12181,e7f4475e56937728755f6c8c498878ffbe800e548a0c076e04ed9dd134688c4d
273_V110_reliability_terms_no_evaluation_page20_10位置逐条筛选.csv,12115,e638e5a81accafa426f623bd96262aa688cde1bbda88aa5063c293d571d06b17
274_V110_reliability_terms_no_evaluation_page21_10位置逐条筛选.csv,12371,1abb5e4a96b0b0e0678cb9dea62f842b5bfdb8e74d465eb27803f4a3eefee3e8
275_V110_reliability_terms_no_evaluation_page22_10位置逐条筛选.csv,12128,37999919d39d5051f87526ee96802bab482dab7b34e945a32a83e9246ee7a1e4
276_V110_reliability_terms_no_evaluation_page23_10位置逐条筛选.csv,11933,58441a64c834535139693c38fb9cb3f6b9578f6965ce6165041f89dbae92b9b0
277_V110_reliability_terms_no_evaluation_page24_10位置逐条筛选.csv,12326,d6c92e7b757f08769a39107971a1913acb58bfb80d09838f89ed91b1323f0f18
278_V110_reliability_terms_no_evaluation_page25_10位置逐条筛选.csv,11885,c9e71631135435690162ab44508708a39ff8398d2ca8dc9abdaf672fad61fe0e
279_V110_reliability_terms_no_evaluation_page26_10位置逐条筛选.csv,12112,e20a10f73bc85ff3fbed288cad86490b33b29e1775a43f5d3b35730c24997085
27_英文原页复核核心_按相关性排序.md,65302,ace36987fbfe461592166d8f67e09cc1533d24ac0d122cd9023e7b38088c8027
280_V110_reliability_terms_no_evaluation_page27_10位置逐条筛选.csv,12151,b9ce14db95deceb4f7df7faa5e543318989ce1911ffeb36f2bab2adeaa076c22
281_V110_reliability_terms_no_evaluation_page28_10位置逐条筛选.csv,12064,a384642b7d457fd0e5aac8ffda569e123294798ec8b3eb09c8c23842861c89cf
282_V110_reliability_terms_no_evaluation_page29_10位置逐条筛选.csv,12353,7cf534c8f8c2a09d659cdfd55a6d58788e8da464094e19426388bc70383b0769
283_V110_reliability_terms_no_evaluation_page30_10位置逐条筛选.csv,12988,ed8be3c3761355f5464727f05379a66e980f40fe89c0f6a80caa71d1119ef9cf
284_V110_reliability_terms_no_evaluation_page31_10位置逐条筛选.csv,12626,bd30686f972d3c269081f038af1f963c0d834a8e36d5e22918a707d9fe91770a
285_V110_reliability_terms_no_evaluation_page32_10位置逐条筛选.csv,12613,de0a51d1e0e5c51193d12babc72dea67d530d6992f4792445d625937e88c7851
286_V110_reliability_terms_no_evaluation_page33_10位置逐条筛选.csv,12491,d636c4aed6f23b7f64db8fc6c9c909a1d74b3002b2eaa4905bd6d7c1807a3687
287_V110_reliability_terms_no_evaluation_page34_10位置逐条筛选.csv,13097,1268041a38ee373479cfaf95b05cbce4114c93df56cd07fc213aa668061a9075
288_V110_reliability_terms_no_evaluation_page35_10位置逐条筛选.csv,12897,90571ae2c18f5f86055906ee88de53bf18270ac80589af3dffb6b8a3edf41f65
289_V110_reliability_terms_no_evaluation_page36_10位置逐条筛选.csv,13008,bbdc683dde779698665958075f06d21367112663687a28dc8d08ba175d788264
28_中文低相关不计入_目录筛选记录.csv,256431,a451a6d83863e77c2acbe558feb064a2760f7b41a2df8dedb0eab10f7e58684b
290_V110_reliability_terms_no_evaluation_page37_10位置逐条筛选.csv,12296,79664eb88027ea35933f55da0264761d89ab43e794258461ad99174f5143b2e6
291_V110_reliability_terms_no_evaluation_page38_10位置逐条筛选.csv,12212,e35655169c1e5349d2ad5c745bcb308f70c94d71e83231975d84edd7f4f284d5
292_V110_reliability_terms_no_evaluation_page39_10位置逐条筛选.csv,12641,98f2b254087167a8a5f80cf155889ba94cae4a63143532d6d68c19f5b1073cf4
293_V110_reliability_terms_no_evaluation_page40_10位置逐条筛选.csv,12837,a5e3977b2958d5f6ffeba466aac46338996dabc90bfe829ee6a72e22a8028241
294_V110_reliability_terms_no_evaluation_page41_10位置逐条筛选.csv,12752,c68ffc3731bf14c60ac73ef1100af55ffc39f83dcd4f5a7ff9027421d7c764f3
295_V110_reliability_terms_no_evaluation_page42_10位置逐条筛选.csv,13010,a173373085afb51c8540079f277cc822ac55b1d4ba791ceff182ee956c5d89a9
296_V110_reliability_terms_no_evaluation_page43_10位置逐条筛选.csv,12596,68e67dad91532376f8c601ce1916e5cd52047caf0eb71b526d196b5df234879f
297_V110_reliability_terms_no_evaluation_page44_10位置逐条筛选.csv,12325,54a095381fdf5d5535adf94bcaad9496af4e9910116077c7ae80e36d1d20836f
298_V110_reliability_terms_no_evaluation_page45_10位置逐条筛选.csv,12525,b1fe73a86d19801bf5907b31e8311a34d8fcf64b99784e341265154e8091bd22
299_V110_reliability_terms_no_evaluation_page46_10位置逐条筛选.csv,12651,0144a8816b8346a888ef632dd180c3e1c21ca70cc4eb4234d5fa01ddce1a9298
29_英文解释可靠性候选_待人工复核.csv,217810,20314cc29b30a6f14afd491cb90b5d9faae5912910f46cc606b013bd68083b84
300_V110_reliability_terms_no_evaluation_page47_10位置逐条筛选.csv,12936,8ea52b7cadcd7a0ea8410c9d1d61ce12f6cd875b1b3892a2e031eea213851671
301_V110_reliability_terms_no_evaluation_page48_10位置逐条筛选.csv,13167,b3863fb137ce2c84586671c488267c0511434a294ecf01db83d697a408d5c382
302_V110_reliability_terms_no_evaluation_page49_10位置逐条筛选.csv,12487,a9b7ea9aaeeb237ddc1c081d9e628d590e2d9d65fb63c13c9a0b7e24220dd29c
303_V110_reliability_terms_no_evaluation_page50_10位置逐条筛选.csv,12730,89be6e066ee17eaf3da411ebb72fc41400f74b21c6737289ab57bea26cb33286
304_V110_reliability_terms_no_evaluation_page51_10位置逐条筛选.csv,12893,5ead87bc791e8bc89c7930d45804d310927b9a81f4a60dd3cae414c20997159b
305_V110_reliability_terms_no_evaluation_page52_10位置逐条筛选.csv,12292,3e5e7868399db493063b3eebaf7cab112bb423124dd0cf773b51938d8ca3c40c
306_V110_reliability_terms_no_evaluation_page53_10位置逐条筛选.csv,13214,14d862df9c3ad9444c874430c88b910a3b6b6c44b9e96fd5d13dec46d201bb29
307_V110_reliability_terms_no_evaluation_page54_10位置逐条筛选.csv,12576,59f9745a2e9df48ad66bf0fcc26e502d643f983a392113144ede5092d23f692e
308_V110_reliability_terms_no_evaluation_page55_10位置逐条筛选.csv,12959,6553f2fbb6f1ac0e0651dd43e48da0cab9770cf230c550aeaad0a4d6fc6e51b1
309_V110_reliability_terms_no_evaluation_page56_10位置逐条筛选.csv,12666,7640597f8d1faa5b5ae94744b2c2b013dae9b9bf47f138fb96b9e870da626fad
30_英文优先范围与计数.json,396,8b21d9b8dfa27ade6b0d3a81c1469ac247c9b97878e36adf51f25000206006a7
310_V110_reliability_terms_no_evaluation_page57_10位置逐条筛选.csv,12666,497adf20785b8fcfdd491fa0010d6618196085ae6b8a02dc137672af49c961a9
311_V110_reliability_terms_no_evaluation_page58_10位置逐条筛选.csv,12744,7ea7fea8a8758059fd5baf2751dd64023dd9edb9e4c6ce215cb3be68450d3e36
312_V110_reliability_terms_no_evaluation_page59_10位置逐条筛选.csv,12068,4c999d9bbdae12fba09442038aa3baf77b3f7eef55630fe5bbd9fd0d76d00c82
313_V110_reliability_terms_no_evaluation_page60_10位置逐条筛选.csv,12855,564f14e9b66f1133562135b33ee61bea7d19175f74b9fc62dcf4b6da3e42fc0e
314_V110_reliability_terms_no_evaluation_page61_10位置逐条筛选.csv,12645,e99dbd03cf1915956a20969e715d9b77142f6afbd1c454e9b660870e8d8d6ddb
315_V110_reliability_terms_no_evaluation_page62_10位置逐条筛选.csv,12521,c5f4e7118b7763d98427fa9efcefecf30660b831c7418dde2dd150708dc6dc02
316_V110_reliability_terms_no_evaluation_page63_10位置逐条筛选.csv,12434,f111654345d09bfe28030c56595e0a70b139c9e2f46ad595c96fc326e2470fe7
317_V110_reliability_terms_no_evaluation_page64_10位置逐条筛选.csv,12263,045ecc830a28fbee12b1b177d3e796ccd4d120f314718e6877eb5c2db0b5118a
318_V110_reliability_terms_no_evaluation_page65_10位置逐条筛选.csv,12509,0886bff998efcf30ca2e365cf445e52d2d5fab0fce95d25c8fb42b67baac45de
319_V110_reliability_terms_no_evaluation_page66_10位置逐条筛选.csv,12170,6486360b142483c5ce70908c335fb535e4bb8ddaba534a0685460009c56c3510
31_FKG全部90个参考位置初筛.csv,71500,5d385fbb0edeb3655bcb323a2df2d8310313c9111e6c4200bdf46ff559b2a2d7
320_V110_reliability_terms_no_evaluation_page67_10位置逐条筛选.csv,12193,88a84e488e719348cce7288a0dbb69a523182d3067ab07f2b141bea07fddb74c
321_V110_reliability_terms_no_evaluation_page68_10位置逐条筛选.csv,11847,8aee675aee2b147d3a241b37a9c7c20c154ca5bb4d3ede33410cd0b01b8115a1
322_V110_reliability_terms_no_evaluation_page69_10位置逐条筛选.csv,11769,bf4fd7ce0479ca3adf87d893fe509b72a99599d967cd37ba9735b04ee23f36c6
323_V110_reliability_terms_no_evaluation_page70_10位置逐条筛选.csv,11767,5b0c2be44b8a1de0c086d45e3169f8111f7eb4b410f9392a52d36c8ce8ef8476
324_V110_reliability_terms_no_evaluation_page71_10位置逐条筛选.csv,12151,3223b1d5f3b728c5fb2c0664a41a922f377c4c73cc0f05750f241c6632b7b9c2
325_V110_reliability_terms_no_evaluation_page72_10位置逐条筛选.csv,12335,8cc862a49fb2229c8482652c335f1859540a636c2fbbe3cb65ec04c572b893c7
32_EAI评价管线全部141个参考位置初筛.csv,128102,d3314adf857cc7963178d278503008f0a4ade63e575f804ae02f3538b6cd06b4
33_解释可靠性可迁移方法基础_待复核.csv,129644,d85d1f4a5faee0bea9ab60c0869479601ba453a37e518a50fd1b32871a2764a9
34_Mansoor全部24条参考文献初筛.csv,19189,aec08276bba92282274bf7a70dc796a82729299b73ba96afda559a18e673c53e
35_SNIPPET全部66条参考文献初筛.csv,55127,f450447d713e53e2c57a9c50ea907d969ee364a8690a074909f0c0ff398e63ed
36_Cooper全部50个参考位置初筛.csv,47383,66bd664fd649ab288261c39f03aa13e951d00a5e1fa5332782d917a8de3ed5c6
37_英文索引异常年份补查_新题名位置审计.csv,93544,7d1f9aed7dadb863517792781807938ca56ec594b6f0766d1f49e037148e8507
38_SSRN空间域解释公开关联41参考位置_原稿完整性待核.csv,33153,032958f7188aca8c8e6447e731e9c959a01225e71c0cb01607f76f987cc33b2c
39_LookBeforeYouJudge全部38条参考文献初筛.csv,33910,e67e1771c1e3282871e7e97cc55c164b5d71a45e0d8c40cea904d72f11556546
40_AgenticForensics全部31条参考文献初筛.csv,28057,368358322d5dd020618e24e0069486a6074fa79fa7e52d2f03254c2195ef8f77
41_FoundationMechanisms全部64参考位置初筛.csv,49864,0cc707b1ebc9424c16132c79e319018951c41369447ddd71611d408339c028a6
42_ForenDeX题名与版本关系_待核.csv,489,fcc22f55c8bde5512ea7706c1bd12b82874d49f606b93fe82c8bf2baeefe60b9
43_Defake_o3全部70参考位置初筛.csv,54610,1316bf9a6e0e2f9ca6e0bb4a8e05bb90948b1dc8b1e6e0af919ed63eaa69ff1a
44_ESIDE正式出版全部49参考位置初筛.csv,39078,15317d878dfa7776661dc712f99b4c33137931f2dd7cfc56a58a4eb0c89ae06b
45_EvoGuard全部96参考位置初筛.csv,80409,e700555133788d02c32c77faeb42c765e6cd2479e23c5a0ce60859976350ea5d
46_DualJPEG全部27参考位置初筛.csv,20307,de22f1538f732620992ff6447abb2448b21878ee1d4d519b0909249d37a26e9d
47_TrustingDetector公开全部30参考位置初筛.csv,28964,3f9bd6e001480a1eea18f481dbce410dd2e847b148fb72a4d3a7b4fda6d5a75e
48_FakeXplain正式ICLR原稿与版本关系审计.csv,1119,ef190cf71c44a3fa498c72b040b6a792aeef050c3566241dea205710bcb7a1a3
49_ForenAgent公开全部65参考位置初筛.csv,51616,70e943364ba6e544567b2e02f16ed0bca91018c1febdb8d0ad2542ca8ac12149
50_OmniVLGuardPro全部32参考位置初筛.csv,26541,c5d5e60c9fa358cfe29b43ab8ba8a75e8fa96927cd0351403785e578aee08226
51_可核验与完整性扩词400位置人工题录筛选.csv,287194,076c34448ed0692bf7df4b50f8b8825506a532fe7d3938ad65e3c69d51816224
52_SupCon全部71参考位置初筛.csv,57325,616b485e2e30b56d2451e235facf1ef54ed8043e7df457df3ddf50f150a67776
53_ExplaNET公开全部20参考位置初筛.csv,16261,3164e5c7e9d953f9978b20ebfafc9d40bd4599692970427bbfe0c5a18aff6d6c
54_SupCon前向98位置人工题录筛选.csv,42978,60a43910bc78b88bca08fa8d82a75a3c929589c412646c011509906aea0de838
55_ECS解释一致性全部26参考位置初筛.csv,21781,13b0f22b52ab2a003e05668321fb6549f318c68adc8bc572225463359f9061f6
56_Fontani2013公开全部19参考位置初筛.csv,16674,6746150b2242bdf74fc1f71254ddad0daec1a304ecf63a26c03eb8dd3d4ce737
57_Wu情报分析员作者稿全部93参考位置初筛.csv,79384,b200616d6aaac3d3cfd4888cdc63e6c95df76694fb46b4cff01d3d6cbe8b8e0f
58_Zhou鉴伪依赖实验全部59参考位置初筛.csv,49287,8e7211cc6a63fa8fcf0d16c381bd137594d22f3ceeee1eed327f5756a4310272
59_专业工作流题名与前向78位置人工题录筛选.csv,35477,d296fe7aa0876197f650f70a1527397e52cbb60af50cbe1d17992c7c3f030302
60_过度依赖年份补查_新增题名位置审计.csv,822906,5618ae4fb5fc8f1e976134b4e2a1ae45ca57f3c68ad9f4a29df7ec528f7c2580
61_过度依赖分段计数与未完成事项.json,3869,a9acc792cb45c731ef5dd9caf3c5013bd9964c6aff5a8fe3ff30d8659b4139c5
62_Guo信息价值全部83参考位置初筛.csv,73268,7e7dbec116b87b576be033cbb4803e80fb59525ed6d3d50b81e87cb120c71ef6
63_Guo题名与前向版本52位置人工题录筛选.csv,20562,f47cbabc0a0a56524a4032fddcb3cf16f7b88fc12969a1df1e3e319298d1f236
64_Guo版本身份核查.csv,736,cf5dcc546aacb2e32be9acd6b1b48afb20b79bb8ab0ab913ae97d7f39af65221
65_本轮分页连续性与捕获修复.json,2796,a96bf098efcdac71209fbc0e7e4fb937a9c3684a7fe5163aa93cfaecd01937af
66_文献重检进度汇报_2026-10-08.md,11157,5d5a217bee7f49da486b1b0a07071fad76edb1cb62c34779090de557a7b0a4ff
67_检索方案V2_完整查询矩阵.csv,107406,098bbd19c2162468586d80504b7ccb4accded84202b58397da3ac92dbff283d6
68_既有82篇核心_V2逐篇重审队列.csv,32131,c6e837cd37b8cef764e62e362f7adfeb70b9d729915074eb2fac0098ba88ed8d
69_V2试检全部结果位置初筛.csv,1500286,ff8aec9c1a4e0fef11581526f6fbbe946ea14d70851fd9ed1fa123b79a42e678
70_V2检索式验证与锚点回检.json,3225,c725bfb66b0fcfa3e75857beda9d47faa3923f2f0e8cbbab969580c2d5c5671f
71_检索方案V2_范围逻辑验证与执行规则.md,6143,438c0d2d88ceddeb8073581aab50fa3fe8074d5d07e112c1721a1c6ab6b1616c
72_V2已复核强相关优先清单.csv,166033,a406fd1830d84b01785995cd1443549f98ef2b3c3c0a2a841009b7b592d7e47e
73_V2首批细检索全部26位置筛选.csv,21078,c9c3621a58b856d63ed63c0497f5f97be70cc309f32ef9343345f6ef0c291be7
74_V2完整分页逐位置初筛.csv,31756131,76ce423f6dc98b57574bc1bb9523f9c6077445c4e965f83e96c276bc1f9b3871
75_V2逐路线分页覆盖审计.csv,54484,e98d8c16dce39ab909c1611a93bcace99cd0286480a5e186ab28308a63b078fc
76_ForensicChat全部65参考位置初筛.csv,57416,43dc77c791bb66675efd3dd1543bccf993dd8fa3d439a9946c51e13394f520b0
77_视觉反事实评价全部48参考位置初筛.csv,47081,ca8d69cf1f26c7c07eb1fe03e1a9a9b3e93709bcf5410bd6e63174eb0f7b4190
78_V2新原稿核查与证据边界.csv,1824,a45d66b286af9d6ef0cf492a2a823d0eb5f0afb6080697d6bbc953305ede2037
79_V2十二篇既有核心范围与指标重审.csv,7341,c800a1cd95fd6ce9700c3775bebf31174f5b5dfaccf7c54b2e9c3d657110b22f
80_HexMIL全部48参考位置初筛.csv,28396,d80047b1d7fe89f302e0ad447912bc51cd158c705f8f9802cfc89b4b6fbe6228
81_HexMIL解释机制与评价效度复核.csv,823,ef30e81e5b69fa3cb9e176a81c839a1a2f10969800a7561522b2ad4f48229156
82_ForensicChat全部24前向引用题录筛选.csv,14473,16373747b8ce729ab724afc38fd74b69a93f3bed44c7e9a99e6eefe156b2f468
83_V2本批计数与受阻观察审计.json,22813,c77c173c676075807faa5075022d326d30b7a50139bf7855a096094218134cce
84_ATAR工具推理与解释评测复核.csv,701,c6197f31b4192760a1845b29198feb61dcaea60747a47056f539339ef439a4c3
85_V2细检索大查询与索引异常拆分矩阵.csv,54815,30e9e43d53f79a3876245dd802fdbdc6c9545ce59a5edf1be1e796d05f864bc5
86_V2细查询拆分逻辑覆盖验证.json,14851,6c5f6e8736586d53dd9125ffd355af16876f4908a1792a20deb1c9f1d9ad701e
87_V2细查询子式实际试检状态.csv,160308,b27f589565c7d833d119606fbcbbc8bb6b18f561ab9e824d63ce178fe4e8021a
88_ForgeryGPT前向引文逐条筛查.csv,730,797ca794705904742e86c876689ed2b2ec20f36f8058ca139876739582b2080c
88_JECA2原稿解释评价与证据边界.csv,928,2eb89ac98ea2b443016e0f49f8e300f2c72acee4cd0b25936a4d32a0bb55b38b
89_JECA2全部39参考位置初筛.csv,14447,5f83554ee00cd7556a73b53a7a93c344c56cbb02d98d69a3c8270e5000500529
89_TriDF全部前向引文逐条筛查.csv,2956,3aab69dc819df883df74c5cff2729db77ce81086880a28e26cbe020dbba657d1
90_本轮新增强相关候选与引文复核.csv,609880,269cca940fffb4492fafec7098cbfaf7fa11288991f7d3ae196cc4be2d9bdb13
91_DF-CBM全部71条参考文献逐篇排查.csv,22001,b7bba0ee348a18ff008d32cd890c1fde56d89e9431b0b5a19364b0a49eeb6e43
92_DF-CBM全文及参考文献核读记录.csv,1433,4f49526b4a4fbfad79ca892dd0d20478ae44beb3f7c33924bd482cdaa3cbc8ab
93_ProtoExplorer全部9条前向引文逐条筛查.csv,3977,f544389e9fc1719dc71592f0a238bd7059fd16c5ed90a5f43c0db053721bb759
94_ExplaNET原文20条参考文献逐条筛查.csv,5705,1caecb388c6feb1361c8a9e2fbaba36b0391c990ea78c969b0e811e991abd28b
95_PUDD前向引文可见结果逐条筛查.csv,6709,008586a22a6cb91d0673b040217074ae8a684f6573c4a1ba6beb325323c95470
96_ViT-Xplain原文49条参考文献逐条筛查.csv,10945,e75b6ae0e77d42f2b5899bcff54aa6821d12f0a0f44a235ebf75e4c2c79ac901
97_早期媒体篡改综述中的解释可信度前史线索.csv,1895,136b0e1b3183e0328b150ab913701aa63d474bc346fe56f72c620341a8a75988
98_EXDF前向引文逐条筛查.csv,391,c805ecb9afbf9a269aff4b6808e188a7dccb72588b4c7d348b3934e4729ca2df
99_ViT-Xplain全部11条前向引文逐条筛查.csv,2573,fe6320325822b679ca7483b81c70abba4692d902a008e32f786def9cd86757c8
CIT-FAKEVLMR1-FWD_被引论文逐条筛查_20261010.csv,1353,a7f0922cf0c92d391063dfb86b1c99abac93905c73cb66b45f309a245eddadff
CIT-FAKEXPLAIN-FWD_20261010_逐条引文筛选.csv,4994,ed0994b417f91d6b133e034b6bf6f92dfc0868e6f111a1979a4b3749d7729dd1
CIT-LOGICLENS-FWD_被引论文逐条筛查_20261010.csv,1381,a3e2fbc819c8fb0ae01bb966dbf9da0376d7661c2f0d35bf3d1170a8df6d3d66
T02-F2-CAUSAL-EXPL_图像鉴伪因果解释Faithfulness_逐位置筛选_20261010.csv,65958,ae0fab2e5313f63c304143559f02b78d7ddd039d2c300f356b91658559b662ed
T02-F2-CAUSAL-EXPL_图像鉴伪因果解释Faithfulness_首2页逐位置筛选_20261010.csv,15425,099cea67ffb5cfc8beb912398857c4aa3d7ea6bf5e152b17c0aa885cadc56524
T02-F2-EXPL-STABILITY_解释稳定性鲁棒性_逐位置筛选_20261010.csv,11389,2b2c6f3fc4d189ac148e23d06a3457f363b5de45e02ab952e2913863c5654e04
T02-F2-FAKEVLM-R1-76_REFERENCES_逐篇主题初筛_20261010.csv,27336,15c0fe83ab45fb4a2314b72c5d6e245b11e86d2614b7fd73409015c19baee650
T02-F2-IMAGEFORGERY-COMPLETENESS_精确式筛选_20261010.csv,840,91bf4baca93b5065df792d78c298538d1568907f7e213584fc0ffd55a6311eb6
T02-F2-LOGICLENS-52_REFERENCES-逐篇主题初筛_20261010.csv,19483,1f6fe585630cebda65e6248594f822527e8b77578f4e21b2aa97e7186457542a
T02-F2-RAIDX_参考文献逐篇主题初筛_20261010.csv,41077,5d93669ba0c15de847897037503d71e4fffd2806b35ff44e4541d587cf9788bd
T02-F2-RELIABILITY_20261009_第100页逐位置筛选.csv,4224,1f9bcdd241ecb0254cf9def1b19ad10ec093bd3e0bfb0a20d9d556fc8c7ecf5e
T02-F2-RELIABILITY_20261009_第10页逐位置筛选.csv,7989,34eef2080a7e1e693d84b0deaa84ebedefea3857a62ad7fe3c10926498ec75c7
T02-F2-RELIABILITY_20261009_第11页逐位置筛选.csv,7622,b48c02a717c198d5daf0627a031425b6ab17f2fc2d8b2c787ddedc9cb2078096
T02-F2-RELIABILITY_20261009_第12页逐位置筛选.csv,7684,386d0edd43b93689a07587309f534e6cb9f9472132bd73548027051d5821274a
T02-F2-RELIABILITY_20261009_第13页逐位置筛选.csv,7956,17c15fa03a3d167cc6a3250b6c3a0b8fb5be658d209b1582a31cde3bb28d2e38
T02-F2-RELIABILITY_20261009_第14页逐位置筛选.csv,7824,9f9fdef848a311b2bc5eae5664914db9f31e7950f45bac5c6c5f781fdec13f57
T02-F2-RELIABILITY_20261009_第15页逐位置筛选.csv,7801,08081cf92fd6a89cfcc23cc604f7a276f23b4a6cf170fb2b2b9d251b4d2b9366
T02-F2-RELIABILITY_20261009_第16页逐位置筛选.csv,7265,20280b939758b1b518585395cbf8416896d3d6e0c35db8150ac5aba3c4c9f522
T02-F2-RELIABILITY_20261009_第17页逐位置筛选.csv,7763,03f3d6b510434e39cf5f6c3611aa3122fd4bbb7acb35fd1c712ac64296597948
T02-F2-RELIABILITY_20261009_第18页逐位置筛选.csv,7488,42fffead7530d85b03d44c2c49e7e77f756e4ac6c9a520d3070115f4caa7b6bb
T02-F2-RELIABILITY_20261009_第19页逐位置筛选.csv,7284,7edf297e489cd34bb2f63811f4998ec263abba54542aa79160924006dca9f571
T02-F2-RELIABILITY_20261009_第20页逐位置筛选.csv,8138,c8f32614424932e0c6e121c2779cd3b62599afd7ffa793a26abc89a634b1119d
T02-F2-RELIABILITY_20261009_第21页逐位置筛选.csv,7379,6c7e9a7f6db34f94deeae4e196ff02d7ebfada7f938adf13a7216e969f76b005
T02-F2-RELIABILITY_20261009_第22页逐位置筛选.csv,7916,cdb8d9639b01a6bd50c4108daa8a03cd05f2248e7ae7761f7c35f3f6fcb6f3dd
T02-F2-RELIABILITY_20261009_第23页逐位置筛选.csv,7753,b62770f617b077c77e839bb2af985fc7ca0b3b029ed389462151e2769ee1d0f4
T02-F2-RELIABILITY_20261009_第24页逐位置筛选.csv,7440,c5748331f76ffe45606cad3fff60b5c04870ac6d58b1f671ea08afbd58711a43
T02-F2-RELIABILITY_20261009_第25页逐位置筛选.csv,7538,d822229106d4d5638307adb65a3a5e654f0fe5ff5f6a542caa6b233a8a7ab572
T02-F2-RELIABILITY_20261009_第26页逐位置筛选.csv,7703,103d7ef6cdaacac1a99668d7db68b9262421f62c58dfa9a4d8f6c5e01dd76a82
T02-F2-RELIABILITY_20261009_第27页逐位置筛选.csv,7933,ef85027a7e56afa9969620a2bc208e302b8da03a5ef7146e37f103dd8c47c1d1
T02-F2-RELIABILITY_20261009_第28页逐位置筛选.csv,7669,a4782a4c8725f40c5b0e2cdf53021464b9d99b55a22faa1f73f47d3cc93307a1
T02-F2-RELIABILITY_20261009_第29页逐位置筛选.csv,7947,1c64c379ce11dcac1929bc413b61768087290c233fa70c08457c3c2b4a878e5c
T02-F2-RELIABILITY_20261009_第2页逐位置筛选.csv,7883,9a94c9d808a37b0f43fc9d8c0d4e6d21ad42c1231cb404a707509cf4cd6fbf86
T02-F2-RELIABILITY_20261009_第30页逐位置筛选.csv,7635,34a92e8391f90cec8834a4625d616ce91dc1e6a2f3c60c1d58cf9c538b2d70fd
T02-F2-RELIABILITY_20261009_第31页逐位置筛选.csv,8185,51bbbbeaef97109d48c8eb7efc28caf3d9357408f19a9ed0ecb78e6effda9f6a
T02-F2-RELIABILITY_20261009_第32页逐位置筛选.csv,7659,b5e4b99cee48681df3a13e69189793bb41b23c5743e58f023eee7505a154cfa1
T02-F2-RELIABILITY_20261009_第33页逐位置筛选.csv,7495,8d5ddc014ced88be2ca1987d41ed0a7e522ea85bb6e0a64d351cf41c148d48ed
T02-F2-RELIABILITY_20261009_第34页逐位置筛选.csv,7333,aee28fe7bd4e734f58e3237aca45479468fc78ea2d39a2710d8b4491fadbbba4
T02-F2-RELIABILITY_20261009_第35页逐位置筛选.csv,7446,b1c983e68bd9516711b32dc4436e5286d473a74e4c39bc5e899aaacaa2e23b2a
T02-F2-RELIABILITY_20261009_第36页逐位置筛选.csv,7761,2638f70b52fd1b534a91d405f4045c7cb0fc1800d5c720a060311897e83cf8c3
T02-F2-RELIABILITY_20261009_第37页逐位置筛选.csv,7628,a9247fc92cc52db89131123645e644beba7f6e553a3ce5fea6397ff407f1585e
T02-F2-RELIABILITY_20261009_第38页逐位置筛选.csv,6902,7c83e096f0dd92bf1c02e1ecb9a94906ca3903d118d95a4f6a36ee5b96e75f58
T02-F2-RELIABILITY_20261009_第39页逐位置筛选.csv,7560,3f302573351d0e4689388b21043a8a734a70328803b5198b5ac10875970da45a
T02-F2-RELIABILITY_20261009_第3页逐位置筛选.csv,8352,208e0ca232edce603c7c058dcf6ed51ec80b47ef1d904631345a0d93695ddbd6
T02-F2-RELIABILITY_20261009_第40页逐位置筛选.csv,7667,1798eb6a91d3080376cd517cd10b8b9c0a9ae7e6028e1e87f0a3fddd8a7e6272
T02-F2-RELIABILITY_20261009_第41页逐位置筛选.csv,7405,7faf4606831fc5bd58534404009f40725035e39eb5dd554869e3f409858aa817
T02-F2-RELIABILITY_20261009_第42页逐位置筛选.csv,7302,b3eaeb14fbd2a98d5f14fe2120a072f62b160c5a170c68396ef44589823a4e2c
T02-F2-RELIABILITY_20261009_第43页逐位置筛选.csv,8138,998f8dcbb176ed316c11a4f58e6430af242974f9ff0257f6efa9d2fd76816f94
T02-F2-RELIABILITY_20261009_第44页逐位置筛选.csv,5081,794d0c7f34f0f49285b8cf547bc67becd42cd777eb5c28e68c2fc407ea1c6f99
T02-F2-RELIABILITY_20261009_第45页逐位置筛选.csv,4841,074aac0127d82461c856cd2b2d253112caccb18a78cf9a8c41ebdaead9aae5e1
T02-F2-RELIABILITY_20261009_第46页逐位置筛选.csv,5102,29d6b9360a9b9daa0a617f00cfc3e351a239ed31381b4684ac59c6b98f751fb0
T02-F2-RELIABILITY_20261009_第47页逐位置筛选.csv,5136,e1eb8019bc5cb955725fefbf147b5357e56bd119ef710745c962cedbf499665f
T02-F2-RELIABILITY_20261009_第48页逐位置筛选.csv,5336,50f5e40987965a47de4257ec15d8685c897281414730c67e519533872c26a274
T02-F2-RELIABILITY_20261009_第49页逐位置筛选.csv,4918,5a57ffef7b0931d8986f433a38f116a47350ff5c603802eac71e79cd910a03ef
T02-F2-RELIABILITY_20261009_第4页逐位置筛选.csv,8389,c2e89f13969ed1affae8b88ab9f209b9bbb52cda8a4d9066d4dbc2f24e3af2d4
T02-F2-RELIABILITY_20261009_第50页逐位置筛选.csv,4750,90f63bf019ffb0fba16c1e81795de46e49cfb33652bec80943b3dc28f6256738
T02-F2-RELIABILITY_20261009_第51页逐位置筛选.csv,5521,b13646e5d7ff1397456e90704864be0ea0c940a72d152b0beea3ca86d9dd14c8
T02-F2-RELIABILITY_20261009_第52页逐位置筛选.csv,5289,c97864b6613bad66eacbb7778b28f4959337874b66cc8803add449343a29bc0c
T02-F2-RELIABILITY_20261009_第53页逐位置筛选.csv,4757,67c76fb30b6737b0012cbf946063cd6ae08fe8bd2f45526e566cce8ba0efe92c
T02-F2-RELIABILITY_20261009_第54页逐位置筛选.csv,4818,11040614a62d1efdb13f98e5e22f4603baf8ba03ce138064f17dbcde88379083
T02-F2-RELIABILITY_20261009_第55页逐位置筛选.csv,4617,05b10ebea28172cff6ebce776850fe1c9327df60aed2c29268d37171d0d7e49b
T02-F2-RELIABILITY_20261009_第56页逐位置筛选.csv,5103,1d834a1a76850a9ab45467a6534518f4971d12fa7afe854bf64c760b00b982de
T02-F2-RELIABILITY_20261009_第57页逐位置筛选.csv,5236,a59ff28f3901becb1e3445bb844f01d0d86853adec750b6dc0537b7b8f5b8a4d
T02-F2-RELIABILITY_20261009_第58页逐位置筛选.csv,4684,0191fcb685897b4918ee9ae3836e9e4f905c0cb599a5b4d5f68fadfd43076b4f
T02-F2-RELIABILITY_20261009_第59页逐位置筛选.csv,5115,6643979060f8a27428beff2d1ea91573adc1af7c6fdc79fce07088a37607a22d
T02-F2-RELIABILITY_20261009_第5页逐位置筛选.csv,8835,2e8a3521c5cd2ed644db08e5f2b4bb5479cfe5bb5ac3c86dd66daf3aa4215072
T02-F2-RELIABILITY_20261009_第60页逐位置筛选.csv,4844,17ac15829a4ddc76ff51aee50c0eefb8d3249db3dde92e43efd7c47574b2bdc6
T02-F2-RELIABILITY_20261009_第61页逐位置筛选.csv,5187,afeb4bd6da6b867ede309247fdd46c33db11c164906105d27d89e985ac750156
T02-F2-RELIABILITY_20261009_第62页逐位置筛选.csv,4734,bc473c0b3ec41cf6e43a03f908536d25c63376dfffb04a6910cc370d6fc8db0e
T02-F2-RELIABILITY_20261009_第63页逐位置筛选.csv,4859,c94a2d726e0e93e9d7e0af72c37ff63e242685649c2825ad415ed2e5b7705818
T02-F2-RELIABILITY_20261009_第64页逐位置筛选.csv,4964,bd1b9f6ad58cc62f1d2ed518af7d847c89a78b38235a04bc2a3743f23b1c29fb
T02-F2-RELIABILITY_20261009_第65页逐位置筛选.csv,4676,6b25b139b853d35535150c552154c65270d903413627dd40e4c6d4069f844db8
T02-F2-RELIABILITY_20261009_第66页逐位置筛选.csv,4715,a7fe0203a5855fd0ffdf5d2193f9c958339891e57c106590eea5672887154a67
T02-F2-RELIABILITY_20261009_第67页逐位置筛选.csv,4146,c7f10f67d848a051ff7de521641c9279c2735052cf08df4fe602e4d8e25e5103
T02-F2-RELIABILITY_20261009_第68页逐位置筛选.csv,4494,b52759801b6b62e4bd91c0a7d114391862f0a4db4d8031e16c5e597efb5237a7
T02-F2-RELIABILITY_20261009_第69页逐位置筛选.csv,5148,9ac7c9cfeb05dee81393dbbf01e63d13350924c2f75e5aae29c43d113fb65d53
T02-F2-RELIABILITY_20261009_第6页逐位置筛选.csv,7867,fe0aa0589eee5fbd494143da28e12f372c9cf606dd4432752c2b16da3dcb0069
T02-F2-RELIABILITY_20261009_第70页逐位置筛选.csv,4997,a85769144eae4f2db42d33d0c39c36c85905a51a363bf4284c5c88630b3823f8
T02-F2-RELIABILITY_20261009_第71页逐位置筛选.csv,4565,a2764a305f575d09a5d20ac21798d4422d1ee74c0605cac0303d7407065e3d63
T02-F2-RELIABILITY_20261009_第72页逐位置筛选.csv,4474,97bf4205c41ec9c93aff811f5debd8b9f4e7517a5cc644bd831b235bba82bec6
T02-F2-RELIABILITY_20261009_第73页逐位置筛选.csv,4224,f3f77429adcd1ee70a660985b107b95c171a00e98e26909e29225c97b2c38c2a
T02-F2-RELIABILITY_20261009_第74页逐位置筛选.csv,4329,cbd445a56af1ae8657bc707c2adacf12daad3346c0946fa09ff32da8fa9fd165
T02-F2-RELIABILITY_20261009_第75页逐位置筛选.csv,4015,47fb0483209f87deeed498c1d8517ccc8f535148eb31338dafc47ec26d31deac
T02-F2-RELIABILITY_20261009_第76页逐位置筛选.csv,4373,8f03dae9224a687af5139ae4926d8de184b6cd0528893daaff97205109b9c10f
T02-F2-RELIABILITY_20261009_第77页逐位置筛选.csv,4756,2598d8cde5283552d785a9cec2bb351a41dccaa843cb3f9aec4b3e6777b227c3
T02-F2-RELIABILITY_20261009_第78页逐位置筛选.csv,4216,8c167716329d63123c4d499d220ba9cd99ca276032067a2d811706dfe7d83a28
T02-F2-RELIABILITY_20261009_第79页逐位置筛选.csv,4491,5f40b83903cea93e4979ce9a67a8ac9d2793575df2b67b65e6756a83ecbb4fc3
T02-F2-RELIABILITY_20261009_第7页逐位置筛选.csv,7854,94cdb055d872bfd2521a96666f6e2d34ec23685d325c63560fe44c6badc74907
T02-F2-RELIABILITY_20261009_第80页逐位置筛选.csv,3963,564ab4028170b79601cea8fc498c45823c3a1eb50ededda27e7312da9bc12c0e
T02-F2-RELIABILITY_20261009_第81页逐位置筛选.csv,4189,410f57770383f862f1ade5c67c2b9b141a5e3c85ef7f9d531c0f7eceb7907af3
T02-F2-RELIABILITY_20261009_第82页逐位置筛选.csv,3943,eee486e68cbe8ea553e2831e4a90553b381f2c9c2fb9eeb700a6485a8795af76
T02-F2-RELIABILITY_20261009_第83页逐位置筛选.csv,4209,495612c02c05897b0e24f3a78c2e55233bc58044c6736aadb65b058fbfcecddb
T02-F2-RELIABILITY_20261009_第84页逐位置筛选.csv,4119,191feb4d334ab7fc273a5a03916bab7bc347fa430f2502a18cedf11d379bf581
T02-F2-RELIABILITY_20261009_第85页逐位置筛选.csv,4165,020d129339b3140f22fccba6432053720d08f59eac4332d7f6a7daa65bd9b8ab
T02-F2-RELIABILITY_20261009_第86页逐位置筛选.csv,4371,6e0cefd702cb363ccf5878874cf12834d3b8f2b94fbcc934496e4dfda47de19e
T02-F2-RELIABILITY_20261009_第87页逐位置筛选.csv,4394,404f40262ab9d19ea7a1850f4708d0e3bda0ce66ec7a647a9d7d0472db3d23ee
T02-F2-RELIABILITY_20261009_第88页逐位置筛选.csv,4384,e3259157deef6f614f6f7bca24d0b20f2f8449c95bbe094d0ad31a49a9e8abea
T02-F2-RELIABILITY_20261009_第89页逐位置筛选.csv,4394,57b26c5f5e965a4fbaa0353b2df1a96eccf0110e347a340d4c147461bbc35ab1
T02-F2-RELIABILITY_20261009_第8页逐位置筛选.csv,8638,ab94bec3e865ceddd32dae26250992ac4b482d2e08ede123a1a0fa1042892c59
T02-F2-RELIABILITY_20261009_第90页逐位置筛选.csv,4281,22e4823ab4dc103c778b94b5673db646e12d5c0c4e65b8609556c2073106521a
T02-F2-RELIABILITY_20261009_第91页逐位置筛选.csv,4897,27537af77e69fc2a7b969c348088f9397bcbd642e4710cd411a8bf0aea90aad3
T02-F2-RELIABILITY_20261009_第92页逐位置筛选.csv,4602,4cf70be75f97d52d2af5bc6127ef95cd6abcb89016a09592babf805e5bf70210
T02-F2-RELIABILITY_20261009_第93页逐位置筛选.csv,4506,8300ab4e111eae06e9639b914c0c4bc01e3f57df2e00f1835f7a0234f87fe5da
T02-F2-RELIABILITY_20261009_第94页逐位置筛选.csv,4273,b5a78ab8c638231fea781f1e96f11477faaafd0becc6e9b251bc1db2a356397f
T02-F2-RELIABILITY_20261009_第95页逐位置筛选.csv,4771,07e96b0e74c8ad73c1184602697c8cd43e93a8e3bf570e6b60dcc365acc15579
T02-F2-RELIABILITY_20261009_第96页逐位置筛选.csv,4122,b685f6b65a915340f9b6b81fdfbcf75b7ce10874b478a950cb5811435e29171c
T02-F2-RELIABILITY_20261009_第97页逐位置筛选.csv,4228,f4a25fd3622d77946102a392ffa08a134dbc139b596605625cf65946ee57bf8a
T02-F2-RELIABILITY_20261009_第98页逐位置筛选.csv,4216,6a109f5fc8d6e844729cda47b98df7f3b4edea82ad4b0913658ed53d426d31a1
T02-F2-RELIABILITY_20261009_第99页逐位置筛选.csv,4329,23bb75e66bd5c8c8ff2051a6d8e1b2b451837c9e5416f20054bf2a4d7e797f2c
T02-F2-RELIABILITY_20261009_第9页逐位置筛选.csv,7745,ea023d49e7e7924e8a20bb7bfdf989e09125b24461d1c085f445d91b1589095b
T02-F2-S1_图像操纵或编辑接地_第2页逐位置筛选_20261010.csv,8169,ac7e1ad02ed55e968efe29503f9497d0ccc6744eac654de157a4ed183ff1bb7c
T02-F2-SUFFICIENCY-COMPREHENSIVENESS_首屏筛选_20261010.csv,7379,42cc132d599f4fa36e13bb8e2f601018eaef688df74e1f24299c9fb6c52daf4e
T02-F3-S1-DEEPFAKE-EVAL_20261010_第13页逐位置筛选.csv,8855,60b24a43f730ee692fd5627f2679923a8467f3fadbac40b5fbb06f4c5b152b20
T02-F3-S1-DEEPFAKE-EVAL_20261010_第14页逐位置筛选.csv,9790,899fe1a1707d26389d86d92800f00d79e7e45f39d65e8935fe68c452ac4126f4
T02-F3-S1-DEEPFAKE-EVAL_20261010_第15页逐位置筛选.csv,10455,f9d3985b138c150654ac9d0e894c6825e6f664f3c3a0b3559d974f702db3231a
T02-F3-S1-DEEPFAKE-EVAL_20261010_第16页逐位置筛选.csv,9259,038f791c42e594704b294a208289cffb9228141b6ace075be709f348fe836b05
T02-F3-S1-DEEPFAKE-EVAL_20261010_第17页逐位置筛选.csv,9275,8c7f475fcbee386e0a6c43e9c313b9a0e587c84310da02495e31d8c3f841db88
T02-F3-S1-DEEPFAKE-EVAL_20261010_第18页逐位置筛选.csv,10403,69aeeaa53de1adebf80efe618cf6d07a5b894e12b9c3f62c1c8ca906595d06b6
T02-F3-S1-DEEPFAKE-EVAL_20261010_第19页逐位置筛选.csv,9067,8f63ef3429eb7170c76f9672ca2aa4c28fdb3941eb0826e0b28255ece6ad0476
T02-F3-S1-DEEPFAKE-EVAL_20261010_第20页逐位置筛选.csv,9803,edb05935e6ed5b4873a84209f47c233018f8d11c0a1a9af77da1460072f638bb
T02-F3-S1-DEEPFAKE-EVAL_20261010_第21页逐位置筛选.csv,8702,089bede041d04169a85e1b52223eb6dd705a832228f540bcf56b8922441331ea
T02-F3-S1-DEEPFAKE-EVAL_20261010_第22页逐位置筛选.csv,8177,6589f3504ade6fa56386eaf50963b4ae58350b9e313bf08c2f8a2d4e174b641f
T02-F3-S1-DEEPFAKE-EVAL_20261010_第23页逐位置筛选.csv,9596,d7d9cb38dc504797bd90b8ab0f6c8736a8c5a96793a01b0587eb19aca498cf52
T02-F3-S1-DEEPFAKE-EVAL_20261010_第24页逐位置筛选.csv,8806,fbd63283560370589722c6debc52cebdd3b4a9a30f74ef1099c5ce1f75cf62b7
T02-F3-S1-DEEPFAKE-EVAL_20261010_第25页逐位置筛选.csv,8907,6f776feef2c5c16a1217ed35c9e7312f2bbf7145b7e89ad0595e73e799b0fbb1
T02-F3-S1-DEEPFAKE-EVAL_20261010_第26页逐位置筛选.csv,8864,4dc0b909e6fdb0aeec6925301f19d190a1fab205d025d6897aecb9a0f9c29486
T02-F3-S1-DEEPFAKE-EVAL_20261010_第27页逐位置筛选.csv,8632,ba1063c2f8aa8e7f342f84f0f8dfe9f5c6b0d2ec296ed002fb72262fbaba3542
T02-F3-S1-DEEPFAKE-EVAL_20261010_第28页逐位置筛选.csv,7815,65465434b9dcfccef5c9410a383181dbc7b5bae4cbd9b31805ac1e78c3a8fea1
T02-F3-S1-DEEPFAKE-EVAL_20261010_第29页逐位置筛选.csv,7837,48fcdf22dca62a3d3d62d3bd0f42509891ede12f9ccb323229b900c0821bff3c
T02-F3-S1-DEEPFAKE-EVAL_20261010_第30页逐位置筛选.csv,8200,acd3adec4fe770ca8aa975bded4f7e97b0bd57908bab2fd6b37c9434139b44a8
T02-F3-S1-DEEPFAKE-EVAL_20261010_第31页逐位置筛选.csv,8652,72d0c082880e87ff5e520d3dd1f5c40bf5f7d2bb4ee8ba5ae5fd97ae5d33eb1f
T02-F3-S1-DEEPFAKE-EVAL_20261010_第32页逐位置筛选.csv,8619,c38b24443ed9822a4061cec81ee9125599034d63bb3c9755333a5442c31a7255
T02-F3-S1-DEEPFAKE-EVAL_20261010_第33页逐位置筛选.csv,8069,0a990e7c1343aea88865b8f12aca5325d0f9200cfad805f10e887f557b5d2b2b
T02-F3-S1-DEEPFAKE-EVAL_20261010_第34页逐位置筛选.csv,8176,903ee345022a9cbbbc4d1a5076d3928dc5041be447adcf594a67d077ac62e8f8
T02-F3-S1-DEEPFAKE-EVAL_20261010_第35页逐位置筛选.csv,8036,327221a50f3260f3eacdb1b06c2130f2ecf695e211f25f0f891932c6ba73e83a
T02-F3-S1-DEEPFAKE-EVAL_20261010_第36页逐位置筛选.csv,8477,77dfae3be461338c37856497c32a9d673723f871d1c09acf21f36345d0bcd6e8
T02-F3-S1-DEEPFAKE-EVAL_20261010_第37页逐位置筛选.csv,8469,05df81805b340adde5ecdfce54a0b4cf719ba31fab751c9b858cc874ffca3df8
T02-F3-S1-DEEPFAKE-EVAL_20261010_第38页逐位置筛选.csv,8164,77625bd3ad4823c081290007f34f90a995304a4938f986b2070958980f8cb7c0
T02-F3-S1-DEEPFAKE-EVAL_20261010_第39页逐位置筛选.csv,7906,0b2589d958a2db0375997a2175b6f97eb2b4c67fb87f041a90ea584a51eaf5fd
T02-F3-S1-DEEPFAKE-EVAL_20261010_第40页逐位置筛选.csv,8138,759fcc68c102cbd1202cc9049b86186f8002c71a7d07daf6e68ca5d3cb7e5eca
T02-F3-S1-DEEPFAKE-EVAL_20261010_第41页逐位置筛选.csv,8157,06c4aec835f288a3896311f6ec06ed6aae8b0ac647c425937819346a67db2ef1
T02-F3-S1-DEEPFAKE-EVAL_20261010_第42页逐位置筛选.csv,4296,4ba428e51dfbfdd8d75734b9aa507fcc5702fd79ed5448abce77d19249d856b8
T02-F3-S1-IMAGEFORGERY-QUALITY-HUMAN_20261010_逐位置筛选.csv,47763,e4e44bcd020abec75608d7c29d0a7f39e2a4951abe7d2e482d4381d03dc19fce
T02-F3-TEXTCENTRIC-EXPL-RELIABILITY_97项逐位置筛选_20261010.csv,53080,a5e01720cfd9a3a87759b375d7d5b8ef70d0747fe3b7b082b23fec64419b7819
T02-F4-S1_SANITY_CHECKS_20261010_第01页逐位置筛选.csv,10444,969d9b1ceb7b8819578f147e80393f8402d2ad604ff674917d31cc2fe327733c
T02-F4-S1_SANITY_CHECKS_20261010_第08页逐位置筛选.csv,9550,44c7b2f8cc3cf36a406928628cabbcb1ab6ac1ec011d93d4392c8b495b7e981d
T02-F4-S1_SANITY_CHECKS_20261010_第09页逐位置筛选.csv,9288,98ee269341cd9111b25b3f60afea0b3fd975955e73897cd69cbaa3848d7b6908
T02-F4-S1_SANITY_CHECKS_20261010_第10页逐位置筛选.csv,9059,dd20b729989c733f6cf2a621a42a46238cee4b033ce0266f3ca660113a55288b
T02-F4-S1_SANITY_CHECKS_20261010_第11页逐位置筛选.csv,9007,9205892cd1846c19950a944a4996133aa6c68d92aa0430d84fb3e6486f79d9e6
T02-F4-S1_SANITY_CHECKS_20261010_第12页逐位置筛选.csv,9261,624a09cd7a13d3cba35a95a495ac72585e74950ebd2252ad8c5550ee5e2f8e43
T02-F4-S1_SANITY_CHECKS_20261010_第13页逐位置筛选.csv,9028,e7c97547a5b0b95e3ce6fe1a2c81ec9b996f2f3f0f3de6ec35407f832d5c3026
T02-F4-S1_SANITY_CHECKS_20261010_第14页逐位置筛选.csv,8783,bcf21af2097c730e2a00a131a186f203f476054c14c56ffdac530e8ae3adb59a
T02-F4-S1_SANITY_CHECKS_20261010_第15页逐位置筛选.csv,8579,61b7ee750555f86282a8201b80f93bab9b20d5ea53f16d7e546a5f3f1a7d170c
T02-F4-S1_SANITY_CHECKS_20261010_第16页逐位置筛选.csv,8898,d953efb8c7f91316e2177cab17d3ecca39e112250a1dc95bbaf19e27edd6a57d
T02-F4-S1_SANITY_CHECKS_20261010_第17页逐位置筛选.csv,1123,ad3c0da55d9584bc582d67894a54dc83c3252fd16f9ba4db487bb3b77f408322
T02-F4-S2_PARAMETER_RANDOMIZATION_20261010_首页逐位置筛选.csv,7045,3062aa71badab7bcbd39b544934ebef5d8f85e8a4296efebe5d99aa00522fef8
T02-F4-S3_ADVERSARIAL_EVAL_20261010_第1页逐位置筛选.csv,9899,585c6fbb7a00694618a67f0db874d4bdc50e7057f2691265f9cdb335319565ca
T02-F4-S3_ADVERSARIAL_EVAL_20261010_第2页逐位置筛选.csv,9220,5a1607c51dd9d49c22f66da618462e223266950b20679ddd6342be45a6e3c2f1
T02-F4-S3_ADVERSARIAL_EVAL_20261010_第3页逐位置筛选.csv,9678,8c617a36ef6a9f0a31231ce44875c107771609f59ebcfd0b1b4dc9f808f6235f
T02-F4-S3_ADVERSARIAL_EVAL_20261010_第4页逐位置筛选.csv,9760,a7be32df25977e8f49065b143dbbb0e870f2cb29d21541fdf6deab2b2a7d6e03
T02-F4-S3_ADVERSARIAL_EVAL_20261010_第5页逐位置筛选.csv,8492,aa72226a47d0290036e391e38a330a944a552677b8cfd8ce551116304203386f
T02-F4-S4_DELETION_20261010_首页逐位置筛选.csv,9228,2e790661d1881e3f778f03773bd7b6ed2404025a69a876b74a20c4ab10a1753e
T02-F4-S4_FAITHFUL_DELETION_INSERTION_20261010_逐位置筛选.csv,6132,76e6dc200f7c47103aa9ddffd47773d7fd73bba084a3874ebe66d1cfcab2c7ff
T02-F4-S4_REFINED_FORGERY_DELETION_INSERTION_20261010_首页逐位置筛选.csv,11693,d8d9c7cf59969a95ec2cf469e8eb8331d1918edfe64a445e91a7a6d5e2453c38
T02-F4-S5_INSERTION_20261010_逐位置筛选.csv,13297,9b6ed4b55c2c4010b18f3bb226dfa958b0d4f646bae7803b9670b549de4bfac0
T02-F4-S6_DOMAIN_TAG_31_REFERENCES_逐条筛查.csv,12984,8d5a32637617d05bbe1925c00ecf45581ec57ad62fda16864c1af0530f897dcb
T02-F4-S6_DOMAIN_TAG_EXACT_TITLE_20261010_逐位置筛选.csv,1448,de513dc9b0f589d387955234aeff5ef1002f412de3ac49da6904b9a2ef2ea2c9
T11-F2-S2_20261009_第100页逐位置筛选.csv,5133,a53d2ba60397bfe25fa993558a4e73ebc8110f4a887019bac3ddd5df04fa9a79
T11-F2-S2_20261009_第58页逐位置筛选.csv,12414,bbd35180baf6eb1f1aa37da2f246f5fd853216c64db4db5424b80723806ec3f9
T11-F2-S2_20261009_第59页逐位置筛选.csv,12180,377735b59ea4c5d59d1b137d865c6b80426cfec7a4398a701622a17f236dd65b
T11-F2-S2_20261009_第60页逐位置筛选.csv,11835,e9c4c52fd0c59fa4190226ca7fcaba35286e02c0414e060abb73b72b483b7d2a
T11-F2-S2_20261009_第61页逐位置筛选.csv,11854,700ece99a2f4aa1206995de4ef572db189ab78fc7514f787af8969b5e06d201d
T11-F2-S2_20261009_第62页逐位置筛选.csv,11997,0d7f1decb83920521698e0ad46072f6bec32fcad55a704036e3c37c51715c1e7
T11-F2-S2_20261009_第63页逐位置筛选.csv,12404,1a468a20bbf48bdb7ba6f208f2b51404b2610b65e9c558127285fc60ac7b55c3
T11-F2-S2_20261009_第64页逐位置筛选.csv,12129,b64112edf324413b37debe4d8288fcdfd2a9a3331475b84f5e34b46a064d1ce9
T11-F2-S2_20261009_第65页逐位置筛选.csv,12223,5181f4cff5739047b0392a915444e84b7c0b026a9e6554d652c824bef522a06b
T11-F2-S2_20261009_第66页逐位置筛选.csv,12086,35e12ff66441964bcffdb9562b8a81b28586959e27bb44cec3914806a11abf0e
T11-F2-S2_20261009_第67页逐位置筛选.csv,12492,d1d0d9c9f612a8cb602763da191dad88dd006da9a4fbce25647c1e6121eb5616
T11-F2-S2_20261009_第68页逐位置筛选.csv,11915,c2e67782a5e3b3b7c19cddda665e0e21c3c582aaeadef0793226b35ab3dcdda3
T11-F2-S2_20261009_第69页逐位置筛选.csv,12311,882f46c4174211ec880b630d2ef4c2b6e6957ed9068cf3eed09c4880f1db0eeb
T11-F2-S2_20261009_第70页逐位置筛选.csv,11539,f4cac36536f0f94190f903847596f130d3ceea4f9cfe5ed94e52a5a1e3d3b6f2
T11-F2-S2_20261009_第71页逐位置筛选.csv,11890,bc6ab04c22edc7d5f7762ea1889c0303bb1501ec037b1c1237cdf94817ebe43d
T11-F2-S2_20261009_第72页逐位置筛选.csv,12628,4edf7b5bf13e38c4ebe030d4ce74379b16869110c84958b5d6b744cb3d565545
T11-F2-S2_20261009_第73页逐位置筛选.csv,11528,350210e8bb15b2d8f80bba7c0573e780f85ee167c61241e235575d986b42179d
T11-F2-S2_20261009_第74页逐位置筛选.csv,12073,32db3b55f828008a8c3f373e33418dd6cee0a182044464e127d9c60d32183cba
T11-F2-S2_20261009_第75页逐位置筛选.csv,11663,e524753a96752faae96009ad8b4a7a69ce65bfdaade88e08e44a1645587123cf
T11-F2-S2_20261009_第76页逐位置筛选.csv,12047,2900743c11b43747c1d8f1aa65884515969236a5aad3f27f719cc28330146b67
T11-F2-S2_20261009_第77页逐位置筛选.csv,13019,4d4204c01ac4881b8023c1460e175939c7159911a71a0c7809080ab562d2aa95
T11-F2-S2_20261009_第78页逐位置筛选.csv,12955,67abcc80876bc61610b51eb205eac71bec9048b4a8c85cccc694120afd421675
T11-F2-S2_20261009_第79页逐位置筛选.csv,12740,c128a204f51a86d69406bf1ba33a180ec14ed20bd8c1a0f9030d140fa22d9134
T11-F2-S2_20261009_第80页逐位置筛选.csv,12136,092f8c05e9607a7c34fe12e0bd18ab0159cf9b98ae72afee039d4c6d1adc4650
T11-F2-S2_20261009_第81页逐位置筛选.csv,12797,8663bb38a61ada276a2eb98bb97fa8f67ffef5e57961a52afee211d846b1fe9c
T11-F2-S2_20261009_第82页逐位置筛选.csv,12804,433db43292a523008313ec751844c0cadc85a6c02a9279634d9c7eae9e9a5617
T11-F2-S2_20261009_第83页逐位置筛选.csv,12627,8b041977114fee43d7860c049ca961f667528cb3559ffeebc4e5a7d7c264431a
T11-F2-S2_20261009_第84页逐位置筛选.csv,12038,b55c58ed9f687a44d537829d944d4ed7c7da406e052bc35063d6dd25ed4d19d4
T11-F2-S2_20261009_第85页逐位置筛选.csv,12742,c1981e3d6f0015f865d87293abf322a315e766411143747490f3ba40bf46157c
T11-F2-S2_20261009_第86页逐位置筛选.csv,11905,13f0e2e25daff1b22a844451aa3314676788fa612c63edda6f19a3bf419daa85
T11-F2-S2_20261009_第87页逐位置筛选.csv,11906,323660d5a88e796cbbd70a8f1510d9d2dfed67904d750b5a18ab57e51fcf079f
T11-F2-S2_20261009_第88页逐位置筛选.csv,12453,cd39ba5a042a1aa29064b9e0caa1384a98c1be7e3891e30781d43c539231ff5f
T11-F2-S2_20261009_第89页逐位置筛选.csv,12486,2f2f11df09319ab6527861cc3f5aba6f576a15e564d59da5f566286c76249715
T11-F2-S2_20261009_第90页逐位置筛选.csv,12540,35fa270cd3d27468262d7b34a814e5939d6c799c50c6a2c7ffb45ec4ca86be53
T11-F2-S2_20261009_第91页逐位置筛选.csv,13012,8d0f034d70ece890b4a48b250b74e7da483c4436c2227b35e9919f6a19daafdd
T11-F2-S2_20261009_第92页逐位置筛选.csv,12544,758a73f0fe26feffdf831fd4f23b84128f2a4aea425aa29376e2a64dd9715eab
T11-F2-S2_20261009_第93页逐位置筛选.csv,12374,a37ac57fca061709eb9109c922b871b11bcac23c78444470e66d83139dd26e84
T11-F2-S2_20261009_第94页逐位置筛选.csv,12101,d0f2ea716fc555da2c063cd9b8de6dc0e3bd38833c8bfff355a92bad8e4d20fe
T11-F2-S2_20261009_第95页逐位置筛选.csv,12588,fa2d379b2b5f8ba76664929735b72f40b4f6f55c100e9d45de973b60683a4c66
T11-F2-S2_20261009_第96页逐位置筛选.csv,12020,f4e3c9f1f61ea23d996b4e42026a9c96536515fcaa94d66b9913468e421d6882
T11-F2-S2_20261009_第97页逐位置筛选.csv,12539,cbdb021796624f7189cff84afd3a20a67dec96afd87ce4d13891fe49f97cd758
T11-F2-S2_20261009_第98页逐位置筛选.csv,11980,915daf252aa5266f8db702b075a87ebbba93e8a4d8f5be0aafa46c37e8bbbd04
T11-F2-S2_20261009_第99页逐位置筛选.csv,12522,b2eed713d1773859a3f209cb8a07f9385f18bf0b090ac668cad12b1970db9656
T13-OMNIIML-49_REFERENCES_逐篇主题初筛_20261010.csv,19059,687ec2b509a9197f4b6817e22f5d73be7d2743c1976c056a1af24f086889b0a9
T14_EFR56条原始参考文献与旧55项筛查表逐条对照_20261010.csv,30362,99219a2b703eb46a97b2fb78400dbe3c5f414394414356774c249c0ec6f9769b
T15_DISSECTING-FAKEARTI-40_REFERENCES_逐篇主题初筛_20261010.csv,8896,fae8c84e71fd470fb897c1f9e16cd47c5b7e7af81e25dbc6433cef58729b48e1
T16_FORGE_83条参考文献逐条主题筛查_20261010.csv,54955,aea30417ef0f67488cf28b0bae58cb0e8b3bab0ccad9f1a4cc556a8d399155c5
T17_FakeXplain_CitedBy_6条前向引文逐篇筛查_20261010.csv,4676,86f82798e832226f3943e304e730ea0981936500d4da636bdf0d37e5d8dcbe02
T18_VeritasPlusPlus_CitedBy_2条前向引文逐篇筛查_20261010.csv,1790,057756e1c28414c8fe6d34957387716a2f1f3c34643990dc3d740a4e6cb3921e
T19_FORENDEX_57条参考文献逐位置主题筛查_20261010.csv,55169,476f4642d5fd2a5ffe16b219907be723d6e55e410fdd38a70fd0c5164e5b1412
T20_LOCATE-THEN-EXAMINE_56条参考文献逐位置主题筛查_20261010.csv,50369,57b7661b110a7d68e79d5d7516c7b24169665ad7a08e73dc3b38a77e1840ffd9
T21_SIDE-VLM_21条出版商参考文献逐位置筛查_20261010.csv,7845,8e7ea56d47281193778820025f71e0d6b521c336117cc7ba2d091c270b2ce62a
T22_FORGE_arXiv身份号Scholar_25条逐位置题录筛查_20261010.csv,6875,0508244aaaa6bba49a8c6a294659eb7c4c61a89fab6c7e6d128953b642aa7b5e
T23_FORGE_TruthLens被引作品_2条逐项筛查_20261010.csv,646,e7b4bff9fa84b716cdeaabfccd74df0121449fa706d69a6a75d7d09bb39ae20d
T24_EVOLVEREASON_CitedBy_1条前向引文逐项筛查_20261010.csv,859,11fcbd0a9ac9e9afba0338e8b5b314de37e7e06be5c9117b4683220d53195120
T25_DDL_21条CitedBy逐项筛查_20261010.csv,10913,12001e17432d383f98a24c28d46f0d1d72eadca847ea97974400b9c729828f5b
T26_DDL_IEEE_TIFS_52条参考文献逐项主题筛查_20261010.csv,15389,febd1f1419c5a03c93533636aa4d077ecb34c40c72103e5f0482d83b1ab2179d
T27_XAI对抗检测深伪论文_GScholar_CitedBy36条逐项筛查_20261010.csv,18350,7c34200a90c5a43277620a1f541083dbe2906444d52551c9f1a95dd3845a79bd
T28_Pinhasov_XAI深伪对抗检测论文_62条参考文献逐项筛查_20261010.csv,17700,d575ca28cacc08278cd5bb91c2c8befdb69b376f519b6c59e11d8dab0e5109ea
T29_Tamam_FoilingExplanations_CitedBy_24条逐位置筛查_20261010.csv,13874,19e78902fd30b0c22786e2c457bc1b29db35c7f64677ce3a0c03dd24796c0221
T30_Repetto_XAI稳定性论文_CitedBy_18条逐位置筛查_20261010.csv,12421,b3dc6313b6d02d826ea272eea37f65dedc2cd665700b57baf2d625b7187fff48
T31_T12图像修补接地鉴伪_Scholar首页10条逐位置筛查_20261010.csv,9083,118ced26392ad80d3fffcfdbe902bc3371481d5de2ad6ff0de79414773945f1b
T32_TechRxiv鉴伪解释综述_180条参考位置逐篇筛查_20261010.csv,145106,81f80e94b58b7a7eba5971c2a5feab85a2ccb1976327e0f29e4d24aa720d96e5
T33_T12图像修补取证解释可靠性窄式结果逐位筛查_20261010.csv,28910,17b4365da745b0dca8b29090ea91a71abe1bfec14bfa52f8cefee95874c03e84
T34_T13文档图像取证解释可靠性三条Scholar查询_30个结果位置筛查_20261010.csv,37073,7c409ca62f60d9dc42314bce6d2ab5d27f918fe51aa1622f75fc9e25c3fd9c0f
T35_T13文档图像hallucination与consistency窄式逐位置筛选_20261010.csv,16956,7e84223ccb6a58130e7d5b62ab9b533a0313f39281bea507c41801def4ad383a
T36_ATAR官方原文全部参考文献逐条主题初筛_20261010.csv,52389,0e591416f03fbd4638e7d38baec88a17628581cfb5e133a574cfd72352b1d72a
T37_REVEAL_CitedBy_5条前向引文逐条筛查_20261010.csv,4345,9784dd65c29ba8ccab7f76ec843d9bebe937b199f1f8c663d62c8e79902d234f
T38_Tsigos对抗扰动解释论文_40条参考文献逐条主题筛查_20261010.csv,31698,71a7b66d663c9d4cc8538323b224e00c7b012b2d16e42e1878ad509a252b957c
T39_Pino深伪视频解释论文_39条参考文献逐条主题筛查_20261010.csv,15477,4a71749ce6572a3c187c81412387b5a05130d150421c37fdf3d8f1196c4175a0
T40_Pino深伪解释论文_CitedBy_24条逐位置筛查_20261010.csv,18906,58d5156d997b787c14a42f1d7b1b15a82cb99c334154fa74fb5c2eb5dbd9dc43
T41_DecodingSyntheticFaceDetectors_EUSIPCO2025_23条参考逐位置筛查_20261010.csv,11287,c032a2826e74782d02601280dc65e14dc3f7ddf3782abd75c246d447c9ff49b2
T42_CUPID_arXiv_56条参考文献逐位置筛查_20261010.csv,29787,e4497db0977c4cf87989d6f9cec005e1f0688ea4e4350575ac69c1344f50db28
T43_DecodingSyntheticFaceDetectors_CitedBy_1条逐位置筛查_20261010.csv,1115,e6a61efc4741d28595a4d2692de563bdf86bb1fb99717b638572b2b48fffe132
T44_T11-F2-S3_deepfake_evidence_consistency_30位置逐条筛查_20261010.csv,39816,3de728d24524a3be4b4257af81b842718354c92185b9eb25bd8ccd4352971783
T45_T11-F3-S1_深伪解释人类评估首页10位置逐条筛查_20261010.csv,14057,ca47509bf80439c62bb8d252f7f17ff1cce79f6c10866ce4f01718cb04a792ed
T46_T11-F3-S1-E1_deepfake_explanation_human_evaluation_首页10位置逐条筛查_20261010.csv,9863,d77317e09416345fd259e399d4925a6a4986e9d967be71077081be8014ce19af
T47_T11-F3-S3_deepfake_image-forgery_explanation_inter-rater_首页10位置逐条筛查_20261010.csv,15949,df505a91e2ce8940acf5c4840401ba906ad5715448e336ad935902d8fe2fb8af
T48_T02-F3-S5_image-forgery_explanation_interrater_36-position-screen_20261010.csv,50273,2c66cbf79184442df0536b5a449e63e8a4a47e756447d497268fa5b8cb41e7df
T49_T02-F3-S6_image-tampering-explanation-reliability_首屏10位置逐条筛查_20261010.csv,14722,126982324298a75007a1bca8dd5cce01d3166f4a999889d38a10daf2ab5c53fc
T50_Kadam2021图像伪造XAI综述_33条参考位置逐条主题筛查_20261010.csv,33095,aac3e705e4b3f02b1b3bb3cb20ac5c147a6eaa1ecb67d4fd3f3a23cdab919d09
T51_Kadam2021图像伪造XAI综述_CitedBy_17位置逐条筛查_20261010.csv,14035,2b883cf76869119000712ec94230170193c7f41967053382e171913340f5742e
T52_Kadam2020图像伪造XAI计量综述_CitedBy_9位置逐条筛查_20261010.csv,7975,74f25b2083f73b29204812ec4068caf5a1dc0e0901eaba2ed3bbdef37030fe42
T53_Fake-in-Facext_Scholar精确题名与CitedBy_4位置逐条筛查_20261010.csv,3639,e53e974a89e49a442e3e9d82edd39b0a5814e03312287bc5b0a0708f8ad38d88
T54_Fake-in-Facext官方参考文献_38位置逐条主题筛查_20261010.csv,19388,09631ab261257c6462c597cbd264f25975f2ef408c77db794f92247c25e78d56
T55_Fake-in-Facext等四篇全文解释可靠性终点核读_20261010.csv,4861,ee4e7bb056b99bbd87e9354e68e6bc4bfc06ac2ee60ff0d48a16a24fccb162bf
T56_EFR_CitedBy_MAD-Guard_1位置筛查_20261010.csv,1093,3548c6090d0e93f57b2c967e03de163c71638909847a8ee54c1dc597b7a59bb5
T57_AIGI-Holmes_CitedBy_81位置逐条筛查_20261010.csv,81657,e214715b23b466bac4d5b4f7a6c9f53028fd374bac40e1327ebb56a63c8c35d3
T58_AIGI-Holmes_108条参考位置逐条筛查_20261010.csv,100931,4c2aabf66f42200a40f7a002d60d16534d25d6b18b2eac45096e3eff55865546
T59_LaP-Forensics_CitedBy_1条逐项筛查_20261010.csv,1030,49fcda34a7962d60ecae6a96f7e0feaa539c6e7f342b6af716a59bbada457b2b
T60_T06图像真实性解释可信度_首屏10条逐位置筛选_20261010.csv,9265,625727015aabaec2657150e2ebfb494308126fdfa21b5bf48b74f47a286742c8
T61_T02-F2_图像鉴伪解释忠实性窄式_第1页10位置逐条筛查_20261010.csv,12925,2e81be74f997b30bc3cdebf96a3978dfd61a238cd463de413be3635ea2d252fa
T62_T02-F2_图像鉴伪解释忠实性窄式_第2页2位置逐条筛查_20261010.csv,3088,30f25dfadaff4736a00f5510d5d720ee99163568c6b1fedd92249b0d690c1a44
T63_EvidenceFusion_精确题名单结果筛查_20261010.csv,1508,02f47d9f5e7508e5b52e68d0f38dab4299425fb6995ffe21724a6fdffa454e41
T64_T02-F3-HUMAN_image_forgery_human_evaluation_第5页10位置筛查_20261010.csv,9108,6412e721528cbd4f8af5c7ff7d09f494aafb0f2a5a7a48fc386da39f236a61e3
T65_T02-F3-HUMAN_image_forgery_human_evaluation_第6页10位置筛查_20261010.csv,8901,78e400908ee1f3410141f361c17ef91ac1d75498ae50b8b9db105c752a8b0417
T66_T02-F3-HUMAN_image_forgery_human_evaluation_第7页10位置筛查_20261010.csv,9260,85e03ff9899647efa26e01cee25f92b305b5374617390d53d9d218545700cdf7
T67_T02-F3-HUMAN_image_forgery_human_evaluation_第8页10位置筛查_20261010.csv,8788,9d5f83a0bea7b7729e5c7054ecd768e3858eff701107e983303528ec286e4928
T68_T02-F3-HUMAN_image_forgery_human_evaluation_第9页10位置筛查_20261010.csv,7713,62227c0e03e303adefdef651320813041430c2ab843a54263981db5961712ec7
T69_T02-F3-HUMAN_image_forgery_human_evaluation_第10页10位置筛查_20261010.csv,7474,6a6e31226dceee29ce60cc8da1041f6d4799c830df6a5f919f5e889e806a9173
T70_T02-F3-HUMAN_image_forgery_human_evaluation_第11页6位置筛查_20261010.csv,5076,ead71273d3e233a55607eda217174005048b53185fd8a0aa67dc5d57b21acb61
T71_T02-F3-FORENSIC-VALIDATION-EXACT_精确题名筛查_20261010.csv,1530,1afcd41635f5c41389d8d7299ca3c7363c8d2abe7ac244d2c42104ee9835bc81
T72_CIT-T02-F3-FORENSIC-VALIDATION-FWD_第1页10位置筛查_20261010.csv,8333,8dd5969678f29d5cac6faf8e1501d1a4fa948ab5f6ea19b6bc6d9aea8ed0d1c0
T73_CIT-T02-F3-FORENSIC-VALIDATION-FWD_第2页10位置筛查_20261010.csv,8160,26b998da880b33aeb04f4453f416a9c160bb0ee33658e0e48626119d2dc2a3de
T74_CIT-T02-F3-FORENSIC-VALIDATION-FWD_第3页10位置筛查_20261010.csv,8656,5bcbb6282e3617129185f6cebc61854d1e399285ccdd68cc7f997d882ddef31d
T75_T02-F2-IMAGE-AUTHENTICITY-FAITHFULNESS-EXACT_4位置筛查_20261010.csv,4241,780ac62ff353726655f2adbde1b632551e96256b282dfdbf3bf003bb5def9187
T76_T02-F2-IMAGE-AUTHENTICITY-EXPLAINABILITY_首屏10位置筛查_20261011.csv,8068,d94066c5d5076aff04e870554fbd56a1686fb7374ef67b6d8d5e342f5741aeb1
T77_CIT-FAKEBENCH-CITEDBY-20261011_59位置逐条筛查.csv,45782,6b7dc12830b20041246c3c4a092b7297adc9333fd8b6303155e6260bb71c490c
T78_T02-F2_fake-image-explanation-faithfulness_60位置逐条筛查_20261011.csv,63800,bd478e1da49268c724844086c47af842cf30e2205a477c20a84ff47b33c1e289
T79_T02-F2_TrustX精确题名_1位置筛查_20261011.csv,1542,adb34ad2d378082bf798fcbb269bae2ab89144ef9733d49adbcc826ad82336ee
T80_T02-F2_fake-image-explanation-faithfulness_p07-30_240位置逐条筛查_20261011.csv,234360,edad24980cd06c2c8478592f4be18c3c46ef486c081de3e0155b57be77f68371
T81_T02-F2_fake-image-explanation-faithfulness_p31-38_80位置逐条筛查_20261011.csv,76623,cf21ef7e71ba9079a979122661c92298f283cafebe6cce4d2357b71b31c626d6
T82_T02-F2_fake-image-explanation-faithfulness_p39-48_100位置逐条筛查_20261011.csv,94554,be246e9a27f54915675834046f0690d57251950bce03dd2b15f4503558973f8f
T83_T02-F2_fake-image-explanation-faithfulness_p49-53_50位置逐条筛查_20261011.csv,51641,97bd578047d720c3fd6e5dbb6a0239ec351345e607cf06f680bbf16dd6a7050a
T84_T02-F2_fake-image-explanation-faithfulness_p54-65_120位置逐条筛查_20261011.csv,139022,39c90e9e1a1604b30f64f2879634ccc0529e8616ced33f09585804d32e98e6e1
T85_T02-F2_fake-image-explanation-faithfulness_p66-93_278位置逐条筛查_20261011.csv,283589,81178a86c7b5be6411e1b3e4f3c278ae26eadf0de4269ac8652792394f311f04
T86_T02-F2-IMAGE-EXPL-VALIDITY-EXACT_12位置逐条筛查_20261011.csv,18788,145039bce3b2941ff15522f891939cf3db9c85cd5becc5280ae3f2d26c4de1fd
T87_T02-F4-S4-REFINED-DI_图像伪造解释删除插入式_第2页10位置逐条筛查_20261011.csv,12502,e0b01415185d6cecc9f11b701b9cfd7bedbb378cddc05050abe14ce6d82b03b3
T88_T02-F3-S2-IMAGE-EXPERT-VALIDATION_85位置逐条筛查_20261011.csv,100276,eb7717db6905ab9ca820413aac8aae1ab6ec871bd1c9c3c6d646eaf35701c8f5
T89_CSIAD_CitedBy_3条逐位置筛查_20261011.csv,2893,255c4d694fa42ce6e49ef03cb9c7df9740145ba016a0533066fe7100e4eca38f
T90_CSIAD_References_40条题名逐位置筛查_20261011.csv,27506,d10d2864042ecb6124d6b46cf9284645226dcbabc2435e7e94db1ded1d625d40
master_enriched.json,19885804,45c31eda96bbb4d65c9f5ae5c4e8f827abd9dc0a370290fb6f4d12e287b143e8
master_working.json,14573920,cb147c3928a2e8b5665b29bd9f580340d0793f2a0ffef9f88c0b3b040fd65387
