query_id,parent_id,query,actual_trials,valid_pages,valid_positions,visible_terminal,coverage_complete,blank_page_conflict_offsets,estimate_min,estimate_max,missing_offsets,status,source_url,next_url,coverage_claim
T02-F2-S1,T02-F2,"(""image manipulation"" OR ""image editing"") (explanation OR explainable OR interpretability OR interpretable OR attribution OR saliency OR rationale OR reasoning) (grounding)",start=0已筛10项（既有记录）；start=10续筛第2页10项；暂停宽式转拆分,2,20,False,False,,14200,14200,,"截至第2页20个可见位置均逐项筛查。估算约14,200且题录明显混合图像编辑/医学/通用分割；直接强相关FakeXplain已核并合并版本。基于低精度停止机械翻页，转入任务和可靠性词进一步交叉拆分。","https://scholar.google.com/scholar?start=10&q=(%22image+manipulation%22+OR+%22image+editing%22)+(explanation+OR+explainable+OR+interpretability+OR+interpretable+OR+attribution+OR+saliency+OR+rationale+OR+reasoning)+(grounding)&hl=zh-CN&as_sdt=0,5",,仅记录已检查的20位置；宽式未闭合、未穷尽，因结果规模和低精度而主动改用窄式。
T02-F2-S2,T02-F2,"(""image manipulation"" OR ""image editing"") (explanation OR explainable OR interpretability OR interpretable OR attribution OR saliency OR rationale OR reasoning) (hallucination)",1,1,10,False,False,,1890,1890,,有效试检/分页已有；继续分页或进一步拆分；规模仍大，需继续拆分,https://scholar.google.com/scholar?hl=zh-CN&as_sdt=0%2C5&q=(%22image%20manipulation%22%20OR%20%22image%20editing%22)%20(explanation%20OR%20explainable%20OR%20interpretability%20OR%20interpretable%20OR%20attribution%20OR%20saliency%20OR%20rationale%20OR%20reasoning)%20(hallucination),"https://scholar.google.com/scholar?start=10&q=(%22image+manipulation%22+OR+%22image+editing%22)+(explanation+OR+explainable+OR+interpretability+OR+interpretable+OR+attribution+OR+saliency+OR+rationale+OR+reasoning)+(hallucination)&hl=zh-CN&as_sdt=0,5",子式覆盖原父式OR项；不能由个别子式末页断言父式检索充分
T02-F2-S3,T02-F2,"(""image manipulation"" OR ""image editing"") (explanation OR explainable OR interpretability OR interpretable OR attribution OR saliency OR rationale OR reasoning) (""evidence consistency"")",1,1,6,True,True,,6,6,,可见末页已记录；原稿筛选待核,https://scholar.google.com/scholar?hl=zh-CN&as_sdt=0%2C5&q=(%22image%20manipulation%22%20OR%20%22image%20editing%22)%20(explanation%20OR%20explainable%20OR%20interpretability%20OR%20interpretable%20OR%20attribution%20OR%20saliency%20OR%20rationale%20OR%20reasoning)%20(%22evidence%20consistency%22),,子式覆盖原父式OR项；不能由个别子式末页断言父式检索充分
T02-F2-S4,T02-F2,"(""image manipulation"" OR ""image editing"") (explanation OR explainable OR interpretability OR interpretable OR attribution OR saliency OR rationale OR reasoning) (""explanation consistency"")",1,1,7,True,True,,7,7,,可见末页已记录；原稿筛选待核,https://scholar.google.com/scholar?hl=zh-CN&as_sdt=0%2C5&q=(%22image%20manipulation%22%20OR%20%22image%20editing%22)%20(explanation%20OR%20explainable%20OR%20interpretability%20OR%20interpretable%20OR%20attribution%20OR%20saliency%20OR%20rationale%20OR%20reasoning)%20(%22explanation%20consistency%22),,子式覆盖原父式OR项；不能由个别子式末页断言父式检索充分
T02-F3-S1,T02-F3,"(""image manipulation"" OR ""image editing"") (explanation OR explainable OR interpretability OR interpretable OR attribution OR saliency OR rationale OR reasoning) (""human evaluation"")",1,1,10,False,False,,2670,2670,,"已恢复并取得首页10位置；估计约2,670，过宽，未分页；转按任务族细分。","https://scholar.google.com/scholar?q=(%22image+manipulation%22+OR+%22image+editing%22)+(explanation+OR+explainable+OR+interpretability+OR+interpretable+OR+attribution+OR+saliency+OR+rationale+OR+reasoning)+(%22human+evaluation%22)&hl=zh-CN&as_sdt=0,5",,子式覆盖原父式OR项；不能由个别子式末页断言父式检索充分
T02-F3-S2,T02-F3,"(""image manipulation"" OR ""image editing"") (explanation OR explainable OR interpretability OR interpretable OR attribution OR saliency OR rationale OR reasoning) (""appropriate reliance"")",5,5,42,True,True,,42,52,,可见末页已记录；逐位置筛选完成；估计数52→42有索引变化，不能当领域穷尽,https://scholar.google.com/scholar?start=40&hl=zh-CN&as_sdt=0%2C5&q=%28%22image+manipulation%22+OR+%22image+editing%22%29+%28explanation+OR+explainable+OR+interpretability+OR+interpretable+OR+attribution+OR+saliency+OR+rationale+OR+reasoning%29+%28%22appropriate+reliance%22%29,,子式覆盖原父式OR项；不能由个别子式末页断言父式检索充分
T02-F3-S3,T02-F3,"(""image manipulation"" OR ""image editing"") (explanation OR explainable OR interpretability OR interpretable OR attribution OR saliency OR rationale OR reasoning) (""trust calibration"")",6,6,53,True,True,,53,63,,可见末页已记录；逐位置筛选完成；估计数63→53波动，原稿筛选待核,"https://scholar.google.com/scholar?start=50&q=(%22image+manipulation%22+OR+%22image+editing%22)+(explanation+OR+explainable+OR+interpretability+OR+interpretable+OR+attribution+OR+saliency+OR+rationale+OR+reasoning)+(%22trust+calibration%22)&hl=zh-CN&as_sdt=0,5",,子式覆盖原父式OR项；不能由个别子式末页断言父式检索充分
T02-F3-S4,T02-F3,"(""image manipulation"" OR ""image editing"") (explanation OR explainable OR interpretability OR interpretable OR attribution OR saliency OR rationale OR reasoning) (""explanation stability"")",2,2,11,True,True,,11,11,,可见末页已记录；逐位置筛选完成；原稿筛选待核,"https://scholar.google.com/scholar?start=10&q=(%22image+manipulation%22+OR+%22image+editing%22)+(explanation+OR+explainable+OR+interpretability+OR+interpretable+OR+attribution+OR+saliency+OR+rationale+OR+reasoning)+(%22explanation+stability%22)&hl=zh-CN&as_sdt=0,5",,子式覆盖原父式OR项；不能由个别子式末页断言父式检索充分
T05-F2-S1,T05-F2,"(""AI-generated image"" OR ""AI generated image"") (explanation OR explainable OR interpretability OR interpretable OR attribution OR saliency OR rationale OR reasoning) (grounding)",1,1,10,False,False,,973,973,,有效试检/分页已有；继续分页或进一步拆分；规模仍大，需继续拆分,https://scholar.google.com/scholar?hl=zh-CN&as_sdt=0%2C5&q=(%22AI-generated%20image%22%20OR%20%22AI%20generated%20image%22)%20(explanation%20OR%20explainable%20OR%20interpretability%20OR%20interpretable%20OR%20attribution%20OR%20saliency%20OR%20rationale%20OR%20reasoning)%20(grounding),"https://scholar.google.com/scholar?start=10&q=(%22AI-generated+image%22+OR+%22AI+generated+image%22)+(explanation+OR+explainable+OR+interpretability+OR+interpretable+OR+attribution+OR+saliency+OR+rationale+OR+reasoning)+(grounding)&hl=zh-CN&as_sdt=0,5",子式覆盖原父式OR项；不能由个别子式末页断言父式检索充分
T05-F2-S2,T05-F2,"(""AI-generated image"" OR ""AI generated image"") (explanation OR explainable OR interpretability OR interpretable OR attribution OR saliency OR rationale OR reasoning) (hallucination)",31,31,110,True,False,"90,110,120,130,140,150,160,180,190,200,210,220,230,240,250,260,270,280,290,300",310,586,,可见末页已记录；原稿筛选待核；估算变化超过25%，列为索引不稳定，需回检；部分分页结果区为空但估算数仍高于offset，分页完整性未确认,"https://scholar.google.com/scholar?start=300&q=(%22AI-generated+image%22+OR+%22AI+generated+image%22)+(explanation+OR+explainable+OR+interpretability+OR+interpretable+OR+attribution+OR+saliency+OR+rationale+OR+reasoning)+(hallucination)&hl=zh-CN&as_sdt=0,5",,子式覆盖原父式OR项；不能由个别子式末页断言父式检索充分
T05-F2-S3,T05-F2,"(""AI-generated image"" OR ""AI generated image"") (explanation OR explainable OR interpretability OR interpretable OR attribution OR saliency OR rationale OR reasoning) (""evidence consistency"")",1,1,4,True,True,,4,4,,可见末页已记录；原稿筛选待核,https://scholar.google.com/scholar?hl=zh-CN&as_sdt=0%2C5&q=(%22AI-generated%20image%22%20OR%20%22AI%20generated%20image%22)%20(explanation%20OR%20explainable%20OR%20interpretability%20OR%20interpretable%20OR%20attribution%20OR%20saliency%20OR%20rationale%20OR%20reasoning)%20(%22evidence%20consistency%22),,子式覆盖原父式OR项；不能由个别子式末页断言父式检索充分
T05-F2-S4,T05-F2,"(""AI-generated image"" OR ""AI generated image"") (explanation OR explainable OR interpretability OR interpretable OR attribution OR saliency OR rationale OR reasoning) (""explanation consistency"")",1,1,3,True,True,,3,3,,可见末页已记录；原稿筛选待核,https://scholar.google.com/scholar?hl=zh-CN&as_sdt=0%2C5&q=(%22AI-generated%20image%22%20OR%20%22AI%20generated%20image%22)%20(explanation%20OR%20explainable%20OR%20interpretability%20OR%20interpretable%20OR%20attribution%20OR%20saliency%20OR%20rationale%20OR%20reasoning)%20(%22explanation%20consistency%22),,子式覆盖原父式OR项；不能由个别子式末页断言父式检索充分
T06-F2-S1,T06-F2,"(""synthetic image"" OR ""generated image"") (explanation OR explainable OR interpretability OR interpretable OR attribution OR saliency OR rationale OR reasoning) (grounding)",1,1,10,False,False,,15500,15500,,"首次有效规模试检，首页10条已逐项筛选；约15,500条，过宽，需依照解释/可靠性词族递归拆分；未开始全量分页。",https://scholar.google.com/scholar?hl=zh-CN&as_sdt=0%2C5&q=(%22synthetic+image%22+OR+%22generated+image%22)+(explanation+OR+explainable+OR+interpretability+OR+interpretable+OR+attribution+OR+saliency+OR+rationale+OR+reasoning)+(grounding),,首页试检显示该式能召回多篇强相关论文，但宽查询未完成覆盖，不能报告总召回或末页。
T06-F2-S2,T06-F2,"(""synthetic image"" OR ""generated image"") (explanation OR explainable OR interpretability OR interpretable OR attribution OR saliency OR rationale OR reasoning) (hallucination)",1,1,10,False,False,,7620,7620,,"首次有效规模试检，首页10项已逐条筛选；约7,620条，过宽，需要按解释词族/forensic scope进一步递归拆分。",https://scholar.google.com/scholar?hl=zh-CN&as_sdt=0%2C5&q=(%22synthetic+image%22+OR+%22generated+image%22)+(explanation+OR+explainable+OR+interpretability+OR+interpretable+OR+attribution+OR+saliency+OR+rationale+OR+reasoning)+(hallucination),,首页试检显示相关召回及大量邻接结果；该宽式未完成分页，不能作总体覆盖或召回结论。
T06-F2-S3,T06-F2,"(""synthetic image"" OR ""generated image"") (explanation OR explainable OR interpretability OR interpretable OR attribution OR saliency OR rationale OR reasoning) (""evidence consistency"")",3 pages,3,26,True,False,,26,36,,3页到达可见末页（Next禁用），逐位置筛选26条；估计由36降至26（差27.8%），超过索引稳定阈值，需复测/拆词，不能列严格完整。,https://scholar.google.com/scholar?q=%28%22synthetic+image%22+OR+%22generated+image%22%29+%28explanation+OR+explainable+OR+interpretability+OR+interpretable+OR+attribution+OR+saliency+OR+rationale+OR+reasoning%29+%28%22evidence+consistency%22%29&hl=zh-CN&as_sdt=0%2C5,,直接覆盖evidence consistency词项，但末页估算波动超过25%；逐条位置筛选不代表专题穷尽。
T06-F2-S4,T06-F2,"(""synthetic image"" OR ""generated image"") (explanation OR explainable OR interpretability OR interpretable OR attribution OR saliency OR rationale OR reasoning) (""explanation consistency"")",4,4,31,True,True,,31,41,,可见末页已记录；题录筛查已完成，强相关原稿仍待核；估算数41降至31，变化24.4%，未达到既定>25%或>30条拆分阈值,"https://scholar.google.com/scholar?start=30&q=(%22synthetic+image%22+OR+%22generated+image%22)+(explanation+OR+explainable+OR+interpretability+OR+interpretable+OR+attribution+OR+saliency+OR+rationale+OR+reasoning)+(%22explanation+consistency%22)&hl=zh-CN&as_sdt=0,5",,子式覆盖原父式OR项；不能由个别子式末页断言父式检索充分
T06-F3-S1,T06-F3,"(""synthetic image"" OR ""generated image"") (explanation OR explainable OR interpretability OR interpretable OR attribution OR saliency OR rationale OR reasoning) (""human evaluation"")",1,1,10,False,False,,3920,3920,,"首页试检显示约3,920条，超过大查询阈值；只记录首页10条后停止并细分",https://scholar.google.com/scholar?hl=zh-CN&as_sdt=0%2C5&q=%28%22synthetic+image%22+OR+%22generated+image%22%29+%28explanation+OR+explainable+OR+interpretability+OR+interpretable+OR+attribution+OR+saliency+OR+rationale+OR+reasoning%29+%28%22human+evaluation%22%29,https://scholar.google.com/scholar?hl=zh-CN&as_sdt=0%2C5&q=%28%22synthetic+image%22+OR+%22generated+image%22%29+%28explanation+OR+explainable+OR+interpretability+OR+interpretable+OR+attribution+OR+saliency+OR+rationale+OR+reasoning%29+%28%22human+evaluation%22%29&start=10,子式覆盖原父式OR项；不能由个别子式末页断言父式检索充分
T06-F3-S2,T06-F3,"(""synthetic image"" OR ""generated image"") (explanation OR explainable OR interpretability OR interpretable OR attribution OR saliency OR rationale OR reasoning) (""appropriate reliance"")",start=0–60；全部可访问位置逐条筛查,7,62,True,True,,62,72,,已完成该子式可访问分页；Scholar结果数动态变化，范围覆盖有限,https://scholar.google.com/scholar?hl=zh-CN&as_sdt=0%2C5&q=%28%22synthetic%20image%22%20OR%20%22generated%20image%22%29%20%28explanation%20OR%20explainable%20OR%20interpretability%20OR%20interpretable%20OR%20attribution%20OR%20saliency%20OR%20rationale%20OR%20reasoning%29%20%28%22appropriate%20reliance%22%29,"https://scholar.google.com/scholar?start=60&q=%28%22synthetic%20image%22%20OR%20%22generated%20image%22%29%20%28explanation%20OR%20explainable%20OR%20interpretability%20OR%20interpretable%20OR%20attribution%20OR%20saliency%20OR%20rationale%20OR%20reasoning%29%20%28%22appropriate%20reliance%22%29&hl=zh-CN&as_sdt=0,5","2026-10-09当次检索完整翻到可见末页：start=0,10,20,30,40,50,60共62条，52条续页位置逐条筛查；初始显示约72，后续页变为62。该子式已完成，但不能据此声称整个领域穷尽。未发现可列为强相关的直接鉴伪解释×适当依赖研究；保留方法背景候选。"
T06-F3-S3,T06-F3,"(""synthetic image"" OR ""generated image"") (explanation OR explainable OR interpretability OR interpretable OR attribution OR saliency OR rationale OR reasoning) (""trust calibration"")",1,13,121,True,True,,121,121,,已到Scholar可见末页；121个位置逐条题录初筛完成,"https://scholar.google.com/scholar?start=0&q=(%22synthetic+image%22+OR+%22generated+image%22)+(explanation+OR+explainable+OR+interpretability+OR+interpretable+OR+attribution+OR+saliency+OR+rationale+OR+reasoning)+(%22trust+calibration%22)&hl=zh-CN&as_sdt=0,5",,仅此精确子式当时Scholar可见索引闭合；末页start=120仅1条且下一页禁用。结果数不外推至主题穷尽；题录初筛不是全文审查。
T06-F3-S4,T06-F3,"(""synthetic image"" OR ""generated image"") (explanation OR explainable OR interpretability OR interpretable OR attribution OR saliency OR rationale OR reasoning) (""explanation stability"")",0,0,0,False,False,,,,,实际试检未执行,,,子式覆盖原父式OR项；不能由个别子式末页断言父式检索充分
T11-F2-S1,T11-F2,"(deepfake OR ""face forgery"" OR ""facial manipulation"") (explanation OR explainable OR interpretability OR interpretable OR attribution OR saliency OR rationale OR reasoning) (grounding)",1,1,10,False,False,,11400,11400,"10,20,30,...","首屏已逐条筛；约11,400条，继续分页/拆分",https://scholar.google.com/scholar?hl=zh-CN&as_sdt=0%2C5&q=%28deepfake+OR+%22face+forgery%22+OR+%22facial+manipulation%22%29+%28explanation+OR+explainable+OR+interpretability+OR+interpretable+OR+attribution+OR+saliency+OR+rationale+OR+reasoning%29+%28grounding%29&btnG=,"https://scholar.google.com/scholar?start=10&q=%28deepfake+OR+%22face+forgery%22+OR+%22facial+manipulation%22%29+%28explanation+OR+explainable+OR+interpretability+OR+interpretable+OR+attribution+OR+saliency+OR+rationale+OR+reasoning%29+%28grounding%29&hl=zh-CN&as_sdt=0,5",只核首屏10个位置；有多个已知直接候选，后续分页/按解释词与取证术语拆分后再评估覆盖；不得称终页闭合。
T11-F2-S2,T11-F2,"(deepfake OR ""face forgery"" OR ""facial manipulation"") (explanation OR explainable OR interpretability OR interpretable OR attribution OR saliency OR rationale OR reasoning) (hallucination)","start=0–990，100页逐页筛查；994个可见题录；第100页Next禁用；start=1000仍显示结果数约4,800但无题录卡片",100,994,False,False,"start=1000：显示第101页和约4,800条结果，但无题录结果卡片；不可视作终点",4800,4800,"start=1000起无可用分页器结果；Scholar估算仍约4,800，受100页上限截断，需拆分关键词或引文追溯覆盖","可见第1–100页/994个题录逐条筛选完毕；start=1000只有空结果容器、无下一页，Scholar估算仍约4,800，coverage未闭合。后续转T11拆分检索与种子引文链。","https://scholar.google.com/scholar?q=(deepfake%20OR%20""face%20forgery""%20OR%20""facial%20manipulation"")%20(explanation%20OR%20explainable%20OR%20interpretability%20OR%20interpretable%20OR%20attribution%20OR%20saliency%20OR%20rationale%20OR%20reasoning)%20(hallucination)&hl=zh-CN&as_sdt=0,5","https://scholar.google.com/scholar?start=1000&q=(deepfake%20OR%20%22face%20forgery%22%20OR%20%22facial%20manipulation%22)%20(explanation%20OR%20explainable%20OR%20interpretability%20OR%20interpretable%20OR%20attribution%20OR%20saliency%20OR%20rationale%20OR%20reasoning)%20(hallucination)&hl=zh-CN&as_sdt=0,5","前100页994个题录已逐条筛；start=1000空页与估算约4,800冲突，分页封顶，coverage_complete=false。"
T11-F2-S3,T11-F2,"(deepfake OR ""face forgery"" OR ""facial manipulation"") (explanation OR explainable OR interpretability OR interpretable OR attribution OR saliency OR rationale OR reasoning) (""evidence consistency"")",0,0,0,False,False,,,,,实际试检未执行,,,子式覆盖原父式OR项；不能由个别子式末页断言父式检索充分
T11-F2-S4,T11-F2,"(deepfake OR ""face forgery"" OR ""facial manipulation"") (explanation OR explainable OR interpretability OR interpretable OR attribution OR saliency OR rationale OR reasoning) (""explanation consistency"")",0,0,0,False,False,,,,,实际试检未执行,,,子式覆盖原父式OR项；不能由个别子式末页断言父式检索充分
T11-F3-S1,T11-F3,"(deepfake OR ""face forgery"" OR ""facial manipulation"") (explanation OR explainable OR interpretability OR interpretable OR attribution OR saliency OR rationale OR reasoning) (""human evaluation"")",0,0,0,False,False,,,,,实际试检未执行,,,子式覆盖原父式OR项；不能由个别子式末页断言父式检索充分
T11-F3-S2,T11-F3,"(deepfake OR ""face forgery"" OR ""facial manipulation"") (explanation OR explainable OR interpretability OR interpretable OR attribution OR saliency OR rationale OR reasoning) (""appropriate reliance"")",0,0,0,False,False,,,,,实际试检未执行,,,子式覆盖原父式OR项；不能由个别子式末页断言父式检索充分
T11-F3-S3,T11-F3,"(deepfake OR ""face forgery"" OR ""facial manipulation"") (explanation OR explainable OR interpretability OR interpretable OR attribution OR saliency OR rationale OR reasoning) (""trust calibration"")",0,0,0,False,False,,,,,实际试检未执行,,,子式覆盖原父式OR项；不能由个别子式末页断言父式检索充分
T11-F3-S4,T11-F3,"(deepfake OR ""face forgery"" OR ""facial manipulation"") (explanation OR explainable OR interpretability OR interpretable OR attribution OR saliency OR rationale OR reasoning) (""explanation stability"")",0,0,0,False,False,,,,,实际试检未执行,,,子式覆盖原父式OR项；不能由个别子式末页断言父式检索充分
T12-F2-S1,T12-F2,"(""image inpainting"" OR ""image retouching"") (explanation OR explainable OR interpretability OR interpretable OR attribution OR saliency OR rationale OR reasoning) (grounding) (forgery OR tampering OR fake OR authenticity OR forensics)",0,0,0,False,False,,,,,实际试检未执行,,,子式覆盖原父式OR项；不能由个别子式末页断言父式检索充分
T12-F2-S2,T12-F2,"(""image inpainting"" OR ""image retouching"") (explanation OR explainable OR interpretability OR interpretable OR attribution OR saliency OR rationale OR reasoning) (hallucination) (forgery OR tampering OR fake OR authenticity OR forensics)",0,0,0,False,False,,,,,实际试检未执行,,,子式覆盖原父式OR项；不能由个别子式末页断言父式检索充分
T12-F2-S3,T12-F2,"(""image inpainting"" OR ""image retouching"") (explanation OR explainable OR interpretability OR interpretable OR attribution OR saliency OR rationale OR reasoning) (""evidence consistency"") (forgery OR tampering OR fake OR authenticity OR forensics)",0,0,0,False,False,,,,,实际试检未执行,,,子式覆盖原父式OR项；不能由个别子式末页断言父式检索充分
T12-F2-S4,T12-F2,"(""image inpainting"" OR ""image retouching"") (explanation OR explainable OR interpretability OR interpretable OR attribution OR saliency OR rationale OR reasoning) (""explanation consistency"") (forgery OR tampering OR fake OR authenticity OR forensics)",0,0,0,False,False,,,,,实际试检未执行,,,子式覆盖原父式OR项；不能由个别子式末页断言父式检索充分
T13-F2-S1,T13-F2,"(""document image"" OR ""document forgery"") (explanation OR explainable OR interpretability OR interpretable OR attribution OR saliency OR rationale OR reasoning) (grounding) (forgery OR tampering OR fake OR authenticity OR forensics)",0,0,0,False,False,,,,,实际试检未执行,,,子式覆盖原父式OR项；不能由个别子式末页断言父式检索充分
T13-F2-S2,T13-F2,"(""document image"" OR ""document forgery"") (explanation OR explainable OR interpretability OR interpretable OR attribution OR saliency OR rationale OR reasoning) (hallucination) (forgery OR tampering OR fake OR authenticity OR forensics)",0,0,0,False,False,,,,,实际试检未执行,,,子式覆盖原父式OR项；不能由个别子式末页断言父式检索充分
T13-F2-S3,T13-F2,"(""document image"" OR ""document forgery"") (explanation OR explainable OR interpretability OR interpretable OR attribution OR saliency OR rationale OR reasoning) (""evidence consistency"") (forgery OR tampering OR fake OR authenticity OR forensics)",0,0,0,False,False,,,,,实际试检未执行,,,子式覆盖原父式OR项；不能由个别子式末页断言父式检索充分
T13-F2-S4,T13-F2,"(""document image"" OR ""document forgery"") (explanation OR explainable OR interpretability OR interpretable OR attribution OR saliency OR rationale OR reasoning) (""explanation consistency"") (forgery OR tampering OR fake OR authenticity OR forensics)",0,0,0,False,False,,,,,实际试检未执行,,,子式覆盖原父式OR项；不能由个别子式末页断言父式检索充分
T14-F2-S1,T14-F2,"(""medical image"" OR ""CT volume"") (explanation OR explainable OR interpretability OR interpretable OR attribution OR saliency OR rationale OR reasoning) (grounding) (forgery OR tampering OR fake OR authenticity OR forensics)",0,0,0,False,False,,,,,实际试检未执行,,,子式覆盖原父式OR项；不能由个别子式末页断言父式检索充分
T14-F2-S2,T14-F2,"(""medical image"" OR ""CT volume"") (explanation OR explainable OR interpretability OR interpretable OR attribution OR saliency OR rationale OR reasoning) (hallucination) (forgery OR tampering OR fake OR authenticity OR forensics)",0,0,0,False,False,,,,,实际试检未执行,,,子式覆盖原父式OR项；不能由个别子式末页断言父式检索充分
T14-F2-S3,T14-F2,"(""medical image"" OR ""CT volume"") (explanation OR explainable OR interpretability OR interpretable OR attribution OR saliency OR rationale OR reasoning) (""evidence consistency"") (forgery OR tampering OR fake OR authenticity OR forensics)",0,0,0,False,False,,,,,实际试检未执行,,,子式覆盖原父式OR项；不能由个别子式末页断言父式检索充分
T14-F2-S4,T14-F2,"(""medical image"" OR ""CT volume"") (explanation OR explainable OR interpretability OR interpretable OR attribution OR saliency OR rationale OR reasoning) (""explanation consistency"") (forgery OR tampering OR fake OR authenticity OR forensics)",0,0,0,False,False,,,,,实际试检未执行,,,子式覆盖原父式OR项；不能由个别子式末页断言父式检索充分
T14-F3-S1,T14-F3,"(""medical image"" OR ""CT volume"") (explanation OR explainable OR interpretability OR interpretable OR attribution OR saliency OR rationale OR reasoning) (""human evaluation"") (forgery OR tampering OR fake OR authenticity OR forensics)",0,0,0,False,False,,,,,实际试检未执行,,,子式覆盖原父式OR项；不能由个别子式末页断言父式检索充分
T14-F3-S2,T14-F3,"(""medical image"" OR ""CT volume"") (explanation OR explainable OR interpretability OR interpretable OR attribution OR saliency OR rationale OR reasoning) (""appropriate reliance"") (forgery OR tampering OR fake OR authenticity OR forensics)",0,0,0,False,False,,,,,实际试检未执行,,,子式覆盖原父式OR项；不能由个别子式末页断言父式检索充分
T14-F3-S3,T14-F3,"(""medical image"" OR ""CT volume"") (explanation OR explainable OR interpretability OR interpretable OR attribution OR saliency OR rationale OR reasoning) (""trust calibration"") (forgery OR tampering OR fake OR authenticity OR forensics)",0,0,0,False,False,,,,,实际试检未执行,,,子式覆盖原父式OR项；不能由个别子式末页断言父式检索充分
T14-F3-S4,T14-F3,"(""medical image"" OR ""CT volume"") (explanation OR explainable OR interpretability OR interpretable OR attribution OR saliency OR rationale OR reasoning) (""explanation stability"") (forgery OR tampering OR fake OR authenticity OR forensics)",0,0,0,False,False,,,,,实际试检未执行,,,子式覆盖原父式OR项；不能由个别子式末页断言父式检索充分
T15-F2-S1,T15-F2,"(""satellite image"" OR ""remote sensing image"") (explanation OR explainable OR interpretability OR interpretable OR attribution OR saliency OR rationale OR reasoning) (grounding) (forgery OR tampering OR fake OR authenticity OR forensics)",0,0,0,False,False,,,,,实际试检未执行,,,子式覆盖原父式OR项；不能由个别子式末页断言父式检索充分
T15-F2-S2,T15-F2,"(""satellite image"" OR ""remote sensing image"") (explanation OR explainable OR interpretability OR interpretable OR attribution OR saliency OR rationale OR reasoning) (hallucination) (forgery OR tampering OR fake OR authenticity OR forensics)",0,0,0,False,False,,,,,实际试检未执行,,,子式覆盖原父式OR项；不能由个别子式末页断言父式检索充分
T15-F2-S3,T15-F2,"(""satellite image"" OR ""remote sensing image"") (explanation OR explainable OR interpretability OR interpretable OR attribution OR saliency OR rationale OR reasoning) (""evidence consistency"") (forgery OR tampering OR fake OR authenticity OR forensics)",0,0,0,False,False,,,,,实际试检未执行,,,子式覆盖原父式OR项；不能由个别子式末页断言父式检索充分
T15-F2-S4,T15-F2,"(""satellite image"" OR ""remote sensing image"") (explanation OR explainable OR interpretability OR interpretable OR attribution OR saliency OR rationale OR reasoning) (""explanation consistency"") (forgery OR tampering OR fake OR authenticity OR forensics)",0,0,0,False,False,,,,,实际试检未执行,,,子式覆盖原父式OR项；不能由个别子式末页断言父式检索充分
T01-F4-S1,T01-F4,"(""image forgery"" OR ""image tampering"") (explanation OR attribution OR saliency) (""sanity checks"")",3,2,16,True,True,,16,16,,可见末页已记录；原稿筛选待核,"https://scholar.google.com/scholar?start=10&q=(%22image+forgery%22+OR+%22image+tampering%22)+(explanation+OR+attribution+OR+saliency)+(%22sanity+checks%22)&hl=zh-CN&as_sdt=0,5",,子式覆盖原父式OR项；不能由个别子式末页断言父式检索充分
T01-F4-S2,T01-F4,"(""image forgery"" OR ""image tampering"") (explanation OR attribution OR saliency) (""parameter randomization"")",1,1,1,True,True,,1,1,,可见末页已记录；原稿筛选待核,https://scholar.google.com/scholar?hl=zh-CN&as_sdt=0%2C5&q=(%22image%20forgery%22%20OR%20%22image%20tampering%22)%20(explanation%20OR%20attribution%20OR%20saliency)%20(%22parameter%20randomization%22),,子式覆盖原父式OR项；不能由个别子式末页断言父式检索充分
T01-F4-S3,T01-F4,"(""image forgery"" OR ""image tampering"") (explanation OR attribution OR saliency) (""adversarial evaluation"")",1,1,6,True,True,,6,6,,可见末页已记录；原稿筛选待核,https://scholar.google.com/scholar?hl=zh-CN&as_sdt=0%2C5&q=(%22image%20forgery%22%20OR%20%22image%20tampering%22)%20(explanation%20OR%20attribution%20OR%20saliency)%20(%22adversarial%20evaluation%22),,子式覆盖原父式OR项；不能由个别子式末页断言父式检索充分
T01-F4-S4,T01-F4,"(""image forgery"" OR ""image tampering"") (explanation OR attribution OR saliency) (""deletion"")",10,10,90,True,False,90,92,219,,可见末页已记录；原稿筛选待核；估算变化超过25%，列为索引不稳定，需回检；部分分页结果区为空但估算数仍高于offset，分页完整性未确认,"https://scholar.google.com/scholar?start=90&q=(%22image+forgery%22+OR+%22image+tampering%22)+(explanation+OR+attribution+OR+saliency)+(%22deletion%22)&hl=zh-CN&as_sdt=0,5",,子式覆盖原父式OR项；不能由个别子式末页断言父式检索充分
T01-F4-S5,T01-F4,"(""image forgery"" OR ""image tampering"") (explanation OR attribution OR saliency) (""insertion"")",21,21,140,True,False,"130,140,150,160,180,190",134,541,,可见末页已记录；原稿筛选待核；估算变化超过25%，列为索引不稳定，需回检；部分分页结果区为空但估算数仍高于offset，分页完整性未确认,"https://scholar.google.com/scholar?start=200&q=(%22image+forgery%22+OR+%22image+tampering%22)+(explanation+OR+attribution+OR+saliency)+(%22insertion%22)&hl=zh-CN&as_sdt=0,5",,子式覆盖原父式OR项；不能由个别子式末页断言父式检索充分
T02-F4-S1,T02-F4,"(""image manipulation"" OR ""image editing"") (explanation OR attribution OR saliency) (""sanity checks"")",start=0–160；第1–17页逐位置筛查；当前索引显示末页且Next禁用,17,161,True,True,,161,161,,本轮查询可见索引终页已逐条筛查：17页/161项；末页start=160仅1项且Next禁用。仅闭合此具体Scholar查询快照，不代表同义词/全领域检索完成。,"https://scholar.google.com/scholar?q=(%22image+manipulation%22+OR+%22image+editing%22)+(explanation+OR+attribution+OR+saliency)+(%22sanity+checks%22)&hl=zh-CN&as_sdt=0,5",,当前Scholar查询快照的可访问分页已闭合；动态索引与全局覆盖仍有限。
T02-F4-S2,T02-F4,"(""image manipulation"" OR ""image editing"") (explanation OR attribution OR saliency) (""parameter randomization"")",首页1–7全部逐条筛查；Scholar显示7条且无分页,1,7,True,True,,7,7,,精确参数随机化子式当前7条可见结果均已筛；闭合该快照，非全域穷尽。图像伪造faithfulness直接候选已在T02-F2-IMAGE-RELIABILITY-COMBINED、T02-F2刷新式及本路线复现。,"https://scholar.google.com/scholar?q=(%22image+manipulation%22+OR+%22image+editing%22)+(explanation+OR+attribution+OR+saliency)+(%22parameter+randomization%22)&hl=zh-CN&as_sdt=0,5",,当前精确子式显示7条并无分页；其余词族需单独检索。
T02-F4-S3,T02-F4,"(""image manipulation"" OR ""image editing"") (explanation OR attribution OR saliency) (""adversarial evaluation"")",start=0–40；5页逐位置筛查；Scholar第一页约59，末页降为49且Next禁用,5,49,True,True,,49,59,,当前查询快照第1–5页49个位置均已逐条筛查；结果估数由约59动态降至49，末页Next禁用。仅此具体快照闭合。新增直接任务邻接候选均需核原稿解释效度。,"https://scholar.google.com/scholar?q=(%22image+manipulation%22+OR+%22image+editing%22)+(explanation+OR+attribution+OR+saliency)+(%22adversarial+evaluation%22)&hl=zh-CN&as_sdt=0,5",,当前可见查询快照闭合；动态索引与跨词族覆盖仍有限。
T02-F4-S4,T02-F4,"(""image manipulation"" OR ""image editing"") (explanation OR attribution OR saliency) (""deletion"")","仅首页1–10逐条筛；约4,580条，过宽，转取证任务词细分",1,10,False,False,,4580,4580,所有后续未查；优先构造image forgery/tampering × deletion/faithfulness窄式,"首页10项逐条筛后停止常规分页（估算约4,580，噪声过高）。命中直接伪造综述、图像篡改检测综述和删除/插入忠实度通用评估方法；后续应基于伪造任务词精细重检。","https://scholar.google.com/scholar?q=(%22image+manipulation%22+OR+%22image+editing%22)+(explanation+OR+attribution+OR+saliency)+(%22deletion%22)&hl=zh-CN&as_sdt=0,5",,仅广式首页已筛，未闭合；必须用取证任务限定式补查。
T02-F4-S5,T02-F4,"(""image manipulation"" OR ""image editing"") (explanation OR attribution OR saliency) (""insertion"")",首页显示10条且无分页控件，逐条筛查；精确任务词与解释faithfulness交集,1,10,True,True,,10,10,,精确插入测试子式显示10条且无分页控件，已逐条筛查，当前快照闭合。新高优先候选JECA²、Domain-Tag image authentication、PRPO和Spot and Explain Public Trust；视频工作仅作媒体邻接。,"https://scholar.google.com/scholar?q=(%22image+forgery%22+OR+%22image+tampering%22+OR+%22image+splicing%22+OR+%22copy-move+forgery%22)+(%22explanation+faithfulness%22+OR+%22explanation+fidelity%22+OR+%22XAI+faithfulness%22+OR+%22explanation+consistency%22)+insertion&hl=zh-CN&as_sdt=0,5",,当前精确插入式快照已筛完；不得外推解释可靠性领域穷尽。
T04-F4-S1,T04-F4,"(""copy-move"" OR ""copy move"") (explanation OR attribution OR saliency) (""sanity checks"")",0,0,0,False,False,,,,,实际试检未执行,,,子式覆盖原父式OR项；不能由个别子式末页断言父式检索充分
T04-F4-S2,T04-F4,"(""copy-move"" OR ""copy move"") (explanation OR attribution OR saliency) (""parameter randomization"")",0,0,0,False,False,,,,,实际试检未执行,,,子式覆盖原父式OR项；不能由个别子式末页断言父式检索充分
T04-F4-S3,T04-F4,"(""copy-move"" OR ""copy move"") (explanation OR attribution OR saliency) (""adversarial evaluation"")",0,0,0,False,False,,,,,实际试检未执行,,,子式覆盖原父式OR项；不能由个别子式末页断言父式检索充分
T04-F4-S4,T04-F4,"(""copy-move"" OR ""copy move"") (explanation OR attribution OR saliency) (""deletion"")",0,0,0,False,False,,,,,实际试检未执行,,,子式覆盖原父式OR项；不能由个别子式末页断言父式检索充分
T04-F4-S5,T04-F4,"(""copy-move"" OR ""copy move"") (explanation OR attribution OR saliency) (""insertion"")",0,0,0,False,False,,,,,实际试检未执行,,,子式覆盖原父式OR项；不能由个别子式末页断言父式检索充分
T06-F4-S1,T06-F4,"(""synthetic image"" OR ""generated image"") (explanation OR attribution OR saliency) (""sanity checks"")",0,0,0,False,False,,,,,实际试检未执行,,,子式覆盖原父式OR项；不能由个别子式末页断言父式检索充分
T06-F4-S2,T06-F4,"(""synthetic image"" OR ""generated image"") (explanation OR attribution OR saliency) (""parameter randomization"")",0,0,0,False,False,,,,,实际试检未执行,,,子式覆盖原父式OR项；不能由个别子式末页断言父式检索充分
T06-F4-S3,T06-F4,"(""synthetic image"" OR ""generated image"") (explanation OR attribution OR saliency) (""adversarial evaluation"")",0,0,0,False,False,,,,,实际试检未执行,,,子式覆盖原父式OR项；不能由个别子式末页断言父式检索充分
T06-F4-S4,T06-F4,"(""synthetic image"" OR ""generated image"") (explanation OR attribution OR saliency) (""deletion"")",0,0,0,False,False,,,,,实际试检未执行,,,子式覆盖原父式OR项；不能由个别子式末页断言父式检索充分
T06-F4-S5,T06-F4,"(""synthetic image"" OR ""generated image"") (explanation OR attribution OR saliency) (""insertion"")",0,0,0,False,False,,,,,实际试检未执行,,,子式覆盖原父式OR项；不能由个别子式末页断言父式检索充分
T08-F4-S1,T08-F4,"(""diffusion-generated"" OR ""diffusion generated"") (explanation OR attribution OR saliency) (""sanity checks"") (image OR images OR visual)",1,1,5,True,True,,5,5,,可见末页已记录；原稿筛选待核,https://scholar.google.com/scholar?hl=zh-CN&as_sdt=0%2C5&q=(%22diffusion-generated%22%20OR%20%22diffusion%20generated%22)%20(explanation%20OR%20attribution%20OR%20saliency)%20(%22sanity%20checks%22)%20(image%20OR%20images%20OR%20visual),,子式覆盖原父式OR项；不能由个别子式末页断言父式检索充分
T08-F4-S2,T08-F4,"(""diffusion-generated"" OR ""diffusion generated"") (explanation OR attribution OR saliency) (""parameter randomization"") (image OR images OR visual)",1,1,0,True,True,,,,,可见末页已记录；原稿筛选待核,https://scholar.google.com/scholar?hl=zh-CN&as_sdt=0%2C5&q=(%22diffusion-generated%22%20OR%20%22diffusion%20generated%22)%20(explanation%20OR%20attribution%20OR%20saliency)%20(%22parameter%20randomization%22)%20(image%20OR%20images%20OR%20visual),,子式覆盖原父式OR项；不能由个别子式末页断言父式检索充分
T08-F4-S3,T08-F4,"(""diffusion-generated"" OR ""diffusion generated"") (explanation OR attribution OR saliency) (""adversarial evaluation"") (image OR images OR visual)",2,1,5,True,True,,5,5,,可见末页已记录；原稿筛选待核,https://scholar.google.com/scholar?hl=zh-CN&as_sdt=0%2C5&q=(%22diffusion-generated%22%20OR%20%22diffusion%20generated%22)%20(explanation%20OR%20attribution%20OR%20saliency)%20(%22adversarial%20evaluation%22)%20(image%20OR%20images%20OR%20visual),,子式覆盖原父式OR项；不能由个别子式末页断言父式检索充分
T08-F4-S4,T08-F4,"(""diffusion-generated"" OR ""diffusion generated"") (explanation OR attribution OR saliency) (""deletion"") (image OR images OR visual)",11,10,94,True,True,,94,104,,可见末页已记录；原稿筛选待核,"https://scholar.google.com/scholar?start=90&q=(%22diffusion-generated%22+OR+%22diffusion+generated%22)+(explanation+OR+attribution+OR+saliency)+(%22deletion%22)+(image+OR+images+OR+visual)&hl=zh-CN&as_sdt=0,5",,子式覆盖原父式OR项；不能由个别子式末页断言父式检索充分
T08-F4-S5,T08-F4,"(""diffusion-generated"" OR ""diffusion generated"") (explanation OR attribution OR saliency) (""insertion"") (image OR images OR visual)",15,15,149,True,True,,149,161,,可见末页已记录；原稿筛选待核,"https://scholar.google.com/scholar?start=140&q=(%22diffusion-generated%22+OR+%22diffusion+generated%22)+(explanation+OR+attribution+OR+saliency)+(%22insertion%22)+(image+OR+images+OR+visual)&hl=zh-CN&as_sdt=0,5",,子式覆盖原父式OR项；不能由个别子式末页断言父式检索充分
T11-F4-S1,T11-F4,"(deepfake OR ""face forgery"" OR ""facial manipulation"") (explanation OR attribution OR saliency) (""sanity checks"")",0,0,0,False,False,,,,,实际试检未执行,,,子式覆盖原父式OR项；不能由个别子式末页断言父式检索充分
T11-F4-S2,T11-F4,"(deepfake OR ""face forgery"" OR ""facial manipulation"") (explanation OR attribution OR saliency) (""parameter randomization"")",0,0,0,False,False,,,,,实际试检未执行,,,子式覆盖原父式OR项；不能由个别子式末页断言父式检索充分
T11-F4-S3,T11-F4,"(deepfake OR ""face forgery"" OR ""facial manipulation"") (explanation OR attribution OR saliency) (""adversarial evaluation"")",0,0,0,False,False,,,,,实际试检未执行,,,子式覆盖原父式OR项；不能由个别子式末页断言父式检索充分
T11-F4-S4,T11-F4,"(deepfake OR ""face forgery"" OR ""facial manipulation"") (explanation OR attribution OR saliency) (""deletion"")",0,0,0,False,False,,,,,实际试检未执行,,,子式覆盖原父式OR项；不能由个别子式末页断言父式检索充分
T11-F4-S5,T11-F4,"(deepfake OR ""face forgery"" OR ""facial manipulation"") (explanation OR attribution OR saliency) (""insertion"")",0,0,0,False,False,,,,,实际试检未执行,,,子式覆盖原父式OR项；不能由个别子式末页断言父式检索充分
T14-F4-S1,T14-F4,"(""medical image"" OR ""CT volume"") (explanation OR attribution OR saliency) (""sanity checks"") (forgery OR tampering OR fake OR authenticity OR forensics)",0,0,0,False,False,,,,,实际试检未执行,,,子式覆盖原父式OR项；不能由个别子式末页断言父式检索充分
T14-F4-S2,T14-F4,"(""medical image"" OR ""CT volume"") (explanation OR attribution OR saliency) (""parameter randomization"") (forgery OR tampering OR fake OR authenticity OR forensics)",0,0,0,False,False,,,,,实际试检未执行,,,子式覆盖原父式OR项；不能由个别子式末页断言父式检索充分
T14-F4-S3,T14-F4,"(""medical image"" OR ""CT volume"") (explanation OR attribution OR saliency) (""adversarial evaluation"") (forgery OR tampering OR fake OR authenticity OR forensics)",0,0,0,False,False,,,,,实际试检未执行,,,子式覆盖原父式OR项；不能由个别子式末页断言父式检索充分
T14-F4-S4,T14-F4,"(""medical image"" OR ""CT volume"") (explanation OR attribution OR saliency) (""deletion"") (forgery OR tampering OR fake OR authenticity OR forensics)",0,0,0,False,False,,,,,实际试检未执行,,,子式覆盖原父式OR项；不能由个别子式末页断言父式检索充分
T14-F4-S5,T14-F4,"(""medical image"" OR ""CT volume"") (explanation OR attribution OR saliency) (""insertion"") (forgery OR tampering OR fake OR authenticity OR forensics)",0,0,0,False,False,,,,,实际试检未执行,,,子式覆盖原父式OR项；不能由个别子式末页断言父式检索充分
T02-F2-S1A,T02-F2,"""image forgery"" explainable grounding",37,36,350,True,False,,300,646,,可见末页已记录；原稿筛选待核；估算变化超过25%，列为索引不稳定，需回检,"https://scholar.google.com/scholar?start=350&q=%22image+forgery%22+explainable+grounding&hl=zh-CN&as_sdt=0,5",,子式覆盖原父式OR项；不能由个别子式末页断言父式检索充分
T02-F2-TAMPER,T02-F2,"""image tampering"" explainable grounding",17,17,160,True,False,,85,223,,可见末页已记录；原稿筛选待核；估算变化超过25%，列为索引不稳定，需回检,"https://scholar.google.com/scholar?start=160&q=%22image+tampering%22+explainable+grounding&hl=zh-CN&as_sdt=0,5",,子式覆盖原父式OR项；不能由个别子式末页断言父式检索充分
T02-F2-SPLICE,T02-F2,"""image splicing"" explainable grounding",15,15,149,True,True,,149,151,,可见末页已记录；原稿筛选待核,"https://scholar.google.com/scholar?start=140&q=%22image+splicing%22+explainable+grounding&hl=zh-CN&as_sdt=0,5",,子式覆盖原父式OR项；不能由个别子式末页断言父式检索充分
T02-F2-COPYMOVE,T02-F2,"""copy-move forgery"" explainable grounding",18,18,179,True,True,,179,179,,可见末页已记录；原稿筛选待核,"https://scholar.google.com/scholar?start=170&q=%22copy-move+forgery%22+explainable+grounding&hl=zh-CN&as_sdt=0,5",,子式覆盖原父式OR项；不能由个别子式末页断言父式检索充分
T05-F2-SYNTHETIC,T05-F2,"""synthetic image detection"" explainable grounding",25,24,236,True,True,,236,247,,可见末页已记录；原稿筛选待核,"https://scholar.google.com/scholar?start=230&q=%22synthetic+image+detection%22+explainable+grounding&hl=zh-CN&as_sdt=0,5",,子式覆盖原父式OR项；不能由个别子式末页断言父式检索充分
T05-F2-AIGEN,T05-F2,"""AI-generated image detection"" explainable grounding",33,33,326,True,True,,326,337,,可见末页已记录；原稿筛选待核,"https://scholar.google.com/scholar?start=320&q=%22AI-generated+image+detection%22+explainable+grounding&hl=zh-CN&as_sdt=0,5",,子式覆盖原父式OR项；不能由个别子式末页断言父式检索充分
T02-F2-GROUND-EC,T02-F2,"""image forgery"" ""evidence consistency""",3,2,12,True,True,,12,12,,可见末页已记录；原稿筛选待核,"https://scholar.google.com/scholar?start=10&q=%22image+forgery%22+%22evidence+consistency%22&hl=zh-CN&as_sdt=0,5",,子式覆盖原父式OR项；不能由个别子式末页断言父式检索充分
T02-F2-GROUND-HALL,T02-F2,"""image forgery"" hallucination",22,21,200,True,False,,137,280,,可见末页已记录；原稿筛选待核；估算变化超过25%，列为索引不稳定，需回检,"https://scholar.google.com/scholar?start=200&q=%22image+forgery%22+hallucination&hl=zh-CN&as_sdt=0,5",,子式覆盖原父式OR项；不能由个别子式末页断言父式检索充分
T02-F2-FAITH,T02-F2,"""image forgery"" ""explanation faithfulness""",1,1,8,True,True,,8,8,,可见末页已记录；原稿筛选待核,https://scholar.google.com/scholar?hl=zh-CN&as_sdt=0%2C5&q=%22image%20forgery%22%20%22explanation%20faithfulness%22,,子式覆盖原父式OR项；不能由个别子式末页断言父式检索充分
T02-F2-TAMPER-CONSIST,T02-F2,"""image tampering"" ""explanation consistency""",1,1,4,True,True,,4,4,,可见末页已记录；原稿筛选待核,https://scholar.google.com/scholar?hl=zh-CN&as_sdt=0%2C5&q=%22image%20tampering%22%20%22explanation%20consistency%22,,子式覆盖原父式OR项；不能由个别子式末页断言父式检索充分
T05-F2-SYN-HALL,T05-F2,"""synthetic image detection"" hallucination",16,14,130,True,True,,130,147,,可见末页已记录；原稿筛选待核,"https://scholar.google.com/scholar?q=%22synthetic+image+detection%22+hallucination&hl=zh-CN&start=130&as_sdt=0,5",,子式覆盖原父式OR项；不能由个别子式末页断言父式检索充分
T05-F2-AIGEN-FAITH,T05-F2,"""AI-generated image detection"" ""explanation faithfulness""",1,1,6,True,True,,6,6,,可见末页已记录；原稿筛选待核,https://scholar.google.com/scholar?hl=zh-CN&as_sdt=0%2C5&q=%22AI-generated%20image%20detection%22%20%22explanation%20faithfulness%22,,子式覆盖原父式OR项；不能由个别子式末页断言父式检索充分
T05-F2-AIGEN-CONSIST,T05-F2,"""AI-generated image detection"" ""explanation consistency""",1,1,4,True,True,,4,4,,可见末页已记录；原稿筛选待核,https://scholar.google.com/scholar?hl=zh-CN&as_sdt=0%2C5&q=%22AI-generated%20image%20detection%22%20%22explanation%20consistency%22,,子式覆盖原父式OR项；不能由个别子式末页断言父式检索充分
T02-F3-HUMAN,T02-F3,"""image forgery"" ""human evaluation"" explanation",5,4,40,True,False,,40,117,,可见末页已记录；原稿筛选待核；估算变化超过25%，列为索引不稳定，需回检,"https://scholar.google.com/scholar?start=30&q=%22image+forgery%22+%22human+evaluation%22+explanation&hl=zh-CN&as_sdt=0,5",,子式覆盖原父式OR项；不能由个别子式末页断言父式检索充分
T02-F3-RELIANCE,T02-F3,"""image forgery"" ""appropriate reliance"" explanation",1,1,4,True,True,,4,4,,可见末页已记录；原稿筛选待核,https://scholar.google.com/scholar?hl=zh-CN&as_sdt=0%2C5&q=%22image%20forgery%22%20%22appropriate%20reliance%22%20explanation,,子式覆盖原父式OR项；不能由个别子式末页断言父式检索充分
T02-F4-SANITY,T02-F4,"""image forgery"" ""sanity checks"" explanation",3,2,15,True,True,,15,15,,可见末页已记录；原稿筛选待核,"https://scholar.google.com/scholar?start=10&q=%22image+forgery%22+%22sanity+checks%22+explanation&hl=zh-CN&as_sdt=0,5",,子式覆盖原父式OR项；不能由个别子式末页断言父式检索充分
T05-F2-AIGEN-REASON,T05-F2,"""AI-generated image detection"" reasoning grounding",16,16,150,True,False,,116,233,,可见末页已记录；原稿筛选待核；估算变化超过25%，列为索引不稳定，需回检,"https://scholar.google.com/scholar?start=150&q=%22AI-generated+image+detection%22+reasoning+grounding&hl=zh-CN&as_sdt=0,5",,子式覆盖原父式OR项；不能由个别子式末页断言父式检索充分
T05-F2-AIGEN-EXPL,T05-F2,"""AI-generated image detection"" explanation grounding",19,19,161,True,False,130,145,365,,可见末页已记录；原稿筛选待核；估算变化超过25%，列为索引不稳定，需回检；部分分页结果区为空但估算数仍高于offset，分页完整性未确认,"https://scholar.google.com/scholar?start=180&q=%22AI-generated+image+detection%22+explanation+grounding&hl=zh-CN&as_sdt=0,5",,子式覆盖原父式OR项；不能由个别子式末页断言父式检索充分
T05-F2-AIGEN-ATTR,T05-F2,"""AI-generated image detection"" attribution grounding",12,12,110,True,False,,86,144,,可见末页已记录；原稿筛选待核；估算变化超过25%，列为索引不稳定，需回检,"https://scholar.google.com/scholar?start=110&q=%22AI-generated+image+detection%22+attribution+grounding&hl=zh-CN&as_sdt=0,5",,子式覆盖原父式OR项；不能由个别子式末页断言父式检索充分
T05-F2-AIGEN-SALIENCY,T05-F2,"""AI-generated image detection"" saliency grounding",4,4,33,True,True,,33,42,,可见末页已记录；原稿筛选待核,"https://scholar.google.com/scholar?start=30&q=%22AI-generated+image+detection%22+saliency+grounding&hl=zh-CN&as_sdt=0,5",,子式覆盖原父式OR项；不能由个别子式末页断言父式检索充分
T05-F2-AIGEN-INTERP,T05-F2,"""AI-generated image detection"" interpretability grounding",13,13,120,True,False,,97,171,,可见末页已记录；原稿筛选待核；估算变化超过25%，列为索引不稳定，需回检,"https://scholar.google.com/scholar?start=120&q=%22AI-generated+image+detection%22+interpretability+grounding&hl=zh-CN&as_sdt=0,5",,子式覆盖原父式OR项；不能由个别子式末页断言父式检索充分
T02-F2-TAMPER-HALL,T02-F2,"""image tampering"" hallucination",4,4,30,True,True,,22,42,,可见末页已记录；原稿筛选待核,"https://scholar.google.com/scholar?start=30&q=%22image+tampering%22+hallucination&hl=zh-CN&as_sdt=0,5",,子式覆盖原父式OR项；不能由个别子式末页断言父式检索充分
T02-F2-SPLICE-HALL,T02-F2,"""image splicing"" hallucination",3,3,22,True,True,,22,25,,可见末页已记录；原稿筛选待核,"https://scholar.google.com/scholar?start=20&q=%22image+splicing%22+hallucination&hl=zh-CN&as_sdt=0,5",,子式覆盖原父式OR项；不能由个别子式末页断言父式检索充分
T02-F2-COPYMOVE-HALL,T02-F2,"""copy-move forgery"" hallucination",3,3,22,True,True,,22,27,,可见末页已记录；原稿筛选待核,"https://scholar.google.com/scholar?start=20&q=%22copy-move%20forgery%22%20hallucination&hl=zh-CN&as_sdt=0,5",,子式覆盖原父式OR项；不能由个别子式末页断言父式检索充分
T02-F2-RELIABILITY,T02-F2,"""image forgery"" explanation reliability",start=0–990步长10，前100页逐页；直查start=1000显示第101页空容器且无题录，Next禁用,100,1000,False,False,"估算10,800；start=1000为空容器且无题录",10800,10800,"估算仍约10,800，Google Scholar第100页后分页截断，须用其他细式/引用链补查","已逐条筛第1–100页共1000个可见位置；第100页Next禁用，start=1000显示第101页及约10,800估算但无题录卡片。判定为Scholar分页上限冲突，不是查询闭合。","https://scholar.google.com/scholar?q=%22image+forgery%22+explanation+reliability&hl=zh-CN&as_sdt=0,5","https://scholar.google.com/scholar?start=1000&q=%22image+forgery%22+explanation+reliability&hl=zh-CN&as_sdt=0,5","Google Scholar可访问的前100页1000个位置已逐条筛；估算约10,800而第101页空容器且分页停止，故coverage_complete=false；必须以细式与引文链补足。"
T02-F2-EXPL-RELIABILITY,T02-F2,"""image forgery"" ""explanation reliability""",1,1,1,True,True,,1,1,,可见末页已记录；原稿筛选待核,"https://scholar.google.com/scholar?q=%22image+forgery%22+%22explanation+reliability%22&hl=zh-CN&as_sdt=0,5",,子式覆盖原父式OR项；不能由个别子式末页断言父式检索充分
T02-F2-EXPL-ACCURACY,T02-F2,"""image forgery"" ""explanation accuracy""",1,1,2,True,True,,2,2,,可见末页已记录；原稿筛选待核,"https://scholar.google.com/scholar?q=%22image%20forgery%22%20%22explanation%20accuracy%22&hl=zh-CN&as_sdt=0,5",,子式覆盖原父式OR项；不能由个别子式末页断言父式检索充分
T02-F2-EXPL-QUALITY,T02-F2,"""image forgery"" ""explanation quality""",4,4,38,True,True,,36,38,,可见末页已记录；原稿筛选待核,"https://scholar.google.com/scholar?start=30&q=%22image+forgery%22+%22explanation+quality%22&hl=zh-CN&as_sdt=0,5",,子式覆盖原父式OR项；不能由个别子式末页断言父式检索充分
T02-F2-EXPL-BIAS,T02-F2,"""image forgery"" ""explanation bias""",1,1,0,True,True,,,,,可见末页已记录；原稿筛选待核,"https://scholar.google.com/scholar?q=%22image%20forgery%22%20%22explanation%20bias%22&hl=zh-CN&as_sdt=0,5",,子式覆盖原父式OR项；不能由个别子式末页断言父式检索充分
T02-F2-EXPL-ERROR,T02-F2,"""image forgery"" ""explanation error""",1,1,0,True,True,,,,,可见末页已记录；原稿筛选待核,"https://scholar.google.com/scholar?q=%22image%20forgery%22%20%22explanation%20error%22&hl=zh-CN&as_sdt=0,5",,子式覆盖原父式OR项；不能由个别子式末页断言父式检索充分
T02-F2-EXPL-ROBUST,T02-F2,"""image forgery"" ""explanation robustness""",1,1,0,True,True,,,,,可见末页已记录；原稿筛选待核,"https://scholar.google.com/scholar?q=%22image%20forgery%22%20%22explanation%20robustness%22&hl=zh-CN&as_sdt=0,5",,子式覆盖原父式OR项；不能由个别子式末页断言父式检索充分
T02-F2-EXPL-FAITHFUL,T02-F2,"""image forgery"" ""faithful explanation""",1,1,4,True,True,,4,4,,当前精确式4项已逐项筛查并与现有候选/原文表去重；ForgeryGPT、STeREx-Net、Explaining AI-Image Detection复用已完成全文核读，Reliability-Aware Multi-Representation Fusion确认为检测器融合可靠性而非解释可靠性（范围排除）。当前短语式闭合，不代表主题整体穷尽。,"https://scholar.google.com/scholar?q=%22image%20forgery%22%20%22faithful%20explanation%22&hl=zh-CN&as_sdt=0,5",,精确式4个当前索引位置均已筛查；其中3篇复用已有原文核读、1篇范围排除。
T02-F2-EXPL-COMPLETENESS,T02-F2,"""image forgery"" ""explanation completeness""",1,1,0,True,True,,,,,可见末页已记录；原稿筛选待核,"https://scholar.google.com/scholar?q=%22image%20forgery%22%20%22explanation%20completeness%22&hl=zh-CN&as_sdt=0,5",,子式覆盖原父式OR项；不能由个别子式末页断言父式检索充分
T02-F2-FORENSIC-FAITH,T02-F2,"forensic ""explanation faithfulness""",9,8,62,True,False,,49,88,,可见末页已记录；原稿筛选待核；估算变化超过25%，列为索引不稳定，需回检,"https://scholar.google.com/scholar?start=20&q=forensic+%22explanation+faithfulness%22&hl=zh-CN&as_sdt=0,5",,子式覆盖原父式OR项；不能由个别子式末页断言父式检索充分
T02-F2-IM-MANIP-FAITH,T02-F2,"""image manipulation"" ""faithful explanation""",1,1,7,True,True,,7,7,,可见末页已记录；原稿筛选待核,"https://scholar.google.com/scholar?q=%22image%20manipulation%22%20%22faithful%20explanation%22&hl=zh-CN&as_sdt=0,5",,子式覆盖原父式OR项；不能由个别子式末页断言父式检索充分
T10-F2-FORENSIC-FAITH,T10-F2,"""media forensics"" ""explanation faithfulness""",1,1,5,True,True,,5,5,,可见末页已记录；原稿筛选待核,"https://scholar.google.com/scholar?q=%22media%20forensics%22%20%22explanation%20faithfulness%22&hl=zh-CN&as_sdt=0,5",,子式覆盖原父式OR项；不能由个别子式末页断言父式检索充分
T02-F3-IMAGEFORGERY-HUMAN,T02-F3,"""image forgery"" ""human evaluation"" explanation",本轮14次页/偏移观察（含start79、96边界及106空尾页）,14,106,True,True,start79补位置80；start96与90/100页重叠核对；start106空、Next禁用。结果估计曾116后降为106。,106,116,无：本轮当前活动序列位置1–106连续，start106空尾页,已完成当前可见索引检查：活动序列位置1–106逐条筛查，start79/96边界复核，start106为空且Next禁用。Scholar估值曾116降至106，已标记索引动态风险；这不证明语义召回或整个主题穷尽。,"https://scholar.google.com/scholar?q=%22image+forgery%22+%22human+evaluation%22+explanation&hl=zh-CN&as_sdt=0,5",,本轮当前Scholar可见索引1–106连续并通过边界/空尾页核验；估数动态，仅本查询快照完成，不保证主题穷尽。
T02-F3-S1-REFINE,T02-F3-S1,"(""image forgery"" OR ""image tampering"" OR ""image manipulation"") (""human evaluation"" OR ""human study"" OR ""user study"") (explanation OR explainable OR rationale OR attribution OR saliency)",1,1,10,False,False,,3670,3670,10+,"首页10位置已筛选；估算约3,670，结果仍过宽，未分页。",https://scholar.google.com/scholar?hl=zh-CN&as_sdt=0%2C5&q=%28%22image+forgery%22+OR+%22image+tampering%22+OR+%22image+manipulation%22%29+%28%22human+evaluation%22+OR+%22human+study%22+OR+%22user+study%22%29+%28explanation+OR+explainable+OR+rationale+OR+attribution+OR+saliency%29,,子式覆盖原父式OR项；不能由个别子式末页断言父式检索充分
T02-F3-S1-REFINE2,T02-F3-S1,"""AI-generated image detection"" ""human evaluation"" explanation",7,7,66,True,True,,66,77,,7页共66位置；第7页Next禁用，估算66–77波动；完成可见分页，保留索引漂移限制。,"https://scholar.google.com/scholar?start=0&q=%22AI-generated+image+detection%22+%22human+evaluation%22+explanation&hl=zh-CN&as_sdt=0,5",,子式覆盖原父式OR项；不能由个别子式末页断言父式检索充分
CIT-ANOMREASON-FWD-20261009,citation-chasing,Cited by: Semantic Visual Anomaly Detection and Reasoning in AI-Generated Images (AnomReason),Google Scholar Cited by页面；当前显示10条结果，共1页，无下一页。,1,10,True,True,,10,10,,用户恢复后重新打开Cited by页面，正常显示10条结果；与既有逐条日志101前10条逐项对照，均已记录，无重复追加。分页端内闭合。,https://scholar.google.com/scholar?q=%22Semantic+Visual+Anomaly+Detection+and+Reasoning+in+AI-Generated+Images%22&hl=en,,本次Google Scholar显示的10条被引结果均已有逐条筛查记录；当前页面无后续分页。
CIT-FAKEREASONING-FWD-20261009,citation-chasing,Cited by: Toward Generalizable Forgery Detection and Reasoning (FakeReasoning),Exact-title Scholar record reports Cited by 8; cited-by page shows 8 visible records on one page.,1,8,True,True,,8,8,,Google Scholar exact-title lookup confirmed FakeReasoning cluster (Cited by 8); all 8 citing results were visible on one page and matched to existing逐条日志101 positions 1–8. No duplicate re-entry needed; direct related ATAR is already in candidate list.,https://scholar.google.com/scholar?q=%22Toward+Generalizable+Forgery+Detection+and+Reasoning%22&hl=en,,当前Scholar Cited by页显示的8篇已逐条题录筛查并与既有日志核对；目前无后续分页。
CIT-FORENDEX-FWD-20261009,citation-chasing,Cited by: ForenDeX: Unlocking Forensic Insights for Explainable AI-Generated Image Detection,Google Scholar Cited by页面；当前显示1条结果，无下一页。,1,1,True,True,,1,1,,用户恢复后成功打开Cited by页，显示1篇：Understanding Why Foundation Models Work for Diffusion-Generated Image Detection；该篇已在101引文表逐条登记，并完成官方arXiv HTML全文核读。,,,当前Scholar显示的1条前向引文已筛查完成；本种子当前引文页无后续，不代表时间上不再新增。
T02-F3-S1-DEEPFAKE-HUMAN,T02-F3-S1,"(""deepfake detection"" OR ""face forgery detection"" OR ""facial manipulation detection"") (""human evaluation"" OR ""human study"" OR ""user study"") (explanation OR explainable OR rationale OR attribution OR saliency)",1,1,10,False,False,,948,948,,首页10位置；估计约948，首屏初筛完成，未分页；结果混合直接解释、仅人评和跨模态，需拆分。,"https://scholar.google.com/scholar?q=(%22deepfake+detection%22+OR+%22face+forgery+detection%22+OR+%22facial+manipulation+detection%22)+(%22human+evaluation%22+OR+%22human+study%22+OR+%22user+study%22)+(explanation+OR+explainable+OR+rationale+OR+attribution+OR+saliency)&hl=zh-CN&as_sdt=0,5",,子式覆盖原父式OR项；不能由个别子式末页断言父式检索充分
T02-F3-S1-DEEPFAKE-EVAL,T02-F3-S1-DEEPFAKE-HUMAN,"""deepfake detection"" ""human evaluation"" explanation",start=0–410；第1–41页各10条，第42页5条,42,415,True,False,,427,427,,当前索引快照闭合：Scholar显示415条，第42页5项且Next禁用；此结论只限本式当前索引，不代表主题穷尽。,"https://scholar.google.com/scholar?q=%22deepfake+detection%22+%22human+evaluation%22+explanation&hl=zh-CN&as_sdt=0,5",,415个当前可见结果位置均已逐条筛查；本式当前快照闭合，领域全局仍未闭合。
T02-F3-S1-DEEPFAKE-VISUAL-HUMAN,T02-F3-S1-DEEPFAKE-EVAL,"deepfake ""human evaluation"" ""visual explanations""",7,7,67,True,True,,67,77,,7页共67位置；第7页下一页禁用；估计77到67波动，完成可见分页，需保留索引漂移限制。,"https://scholar.google.com/scholar?q=deepfake+%22human+evaluation%22+%22visual+explanations%22&hl=zh-CN&as_sdt=0,5",,子式覆盖原父式OR项；不能由个别子式末页断言父式检索充分
T01-F2-IMAGE-FORENSIC-RELIABILITY,T01-F2,"(""image forgery"" OR ""image tampering"" OR ""image splicing"" OR ""copy-move forgery"") (""explanation faithfulness"" OR ""explanation fidelity"" OR ""sanity check"" OR ""parameter randomization"")",21个分页/偏移观察（0–150、167、160、170、176、180）,21,206,True,True,,186,198,无：已观察到连续位置1–186；start=150→167跳页由start=160补齐，并用start=170/176/180交叉检查,已恢复并核至可见末页：start=180显示第19页、约186条结果且Next禁用。共206条分页观察，去重后连续覆盖Scholar可见位置1–186；搜索估计曾在186–198间波动。覆盖仅指本查询当前可见索引，不等于主题穷尽或零遗漏。,https://scholar.google.com/scholar?q=%28%22image+forgery%22+OR+%22image+tampering%22+OR+%22image+splicing%22+OR+%22copy-move+forgery%22%29+%28%22explanation+faithfulness%22+OR+%22explanation+fidelity%22+OR+%22sanity+check%22+OR+%22parameter+randomization%22%29&hl=zh-CN&as_sdt=0%2C5,,本子查询可见Scholar结果位置1–186已连续观察并逐条筛选；分页估计会波动，且查询式与数据库索引无法保证主题召回率。
T06-F3-S1-AIGEN,T06-F3-S1,"""AI-generated image detection"" (explanation OR explainable OR interpretability OR interpretable OR attribution OR saliency OR rationale OR reasoning) (""human evaluation"" OR ""human study"" OR ""user study"")",1,14,140,True,True,start=100 yields 3 additional records before linked start=103; start=110/113 overlap across page boundaries; start=123 empty terminal page; Scholar estimate drift 134→133→123,123,134,"none after direct checks of start=100,110,113,123",已完成可见索引页复核：正常分页及偏移补查共140个结果位置（含跨页重复），去重后123条结果；start=100补出3条，start=123终端空页且Next禁用；估计结果数曾在134/133/123之间变化,"https://scholar.google.com/scholar?start=123&q=%22AI-generated+image+detection%22+(explanation+OR+explainable+OR+interpretability+OR+interpretable+OR+attribution+OR+saliency+OR+rationale+OR+reasoning)+(%22human+evaluation%22+OR+%22human+study%22+OR+%22user+study%22)&hl=zh-CN&as_sdt=0,5",,仅覆盖精确词AI-generated image detection × explanation-family × human evaluation/study支线；Google Scholar估计数动态且索引自身可能不穷尽，不代表整个合成/篡改图像鉴伪领域穷尽
T02-F2-S1-MANIPULATION,T02-F2-S1,"""image manipulation"" (explanation OR explainable OR interpretability OR interpretable OR attribution OR saliency OR rationale OR reasoning) (grounding)",1,1,10,False,False,,6740,6740,,"任务词OR项拆分后的首页试检；估计6,740，仍超过900条门槛，需进一步按解释词族拆分。",https://scholar.google.com/scholar?hl=zh-CN&as_sdt=0%2C5&q=%22image+manipulation%22+(explanation+OR+explainable+OR+interpretability+OR+interpretable+OR+attribution+OR+saliency+OR+rationale+OR+reasoning)+(grounding),,原式任务块OR拆分中的image manipulation子式，仅记录首页，未覆盖该子式全部结果。
T02-F2-S1-EDITING,T02-F2-S1,"""image editing"" (explanation OR explainable OR interpretability OR interpretable OR attribution OR saliency OR rationale OR reasoning) (grounding)",1,1,10,False,False,,9620,9620,,"image editing任务词拆分后的首页试检；估计9,620，主要命中生成式编辑，精度偏低；需增加取证/真实性上下文并按解释词细分。",https://scholar.google.com/scholar?hl=zh-CN&as_sdt=0%2C5&q=%22image+editing%22+(explanation+OR+explainable+OR+interpretability+OR+interpretable+OR+attribution+OR+saliency+OR+rationale+OR+reasoning)+(grounding),,原式任务块OR拆分中的image editing子式，仅记录首页，未覆盖该子式全部结果。
T06-F2-GROUND-FAITHFUL,T06-F2-S1,"(""synthetic image"" OR ""generated image"") (""explanation faithfulness"" OR ""faithful explanation"") (grounded OR grounding)",5（4个有效结果页+start=40空尾页核查）,4,40,True,True,,40,51,无：start=0/10/20/30连续覆盖位置1–40；直接start=40为空,已完成当前可见索引的连续核查：4个结果页40位置；直接start=40为空且Next禁用。Scholar估计由约51降至40，记录索引波动。覆盖仅指本子式当前可见索引，不表示整个领域穷尽。,https://scholar.google.com/scholar?hl=zh-CN&as_sdt=0%2C5&q=(%22synthetic+image%22+OR+%22generated+image%22)+(%22explanation+faithfulness%22+OR+%22faithful+explanation%22)+(grounded+OR+grounding),,当前可见位置1–40已连续筛选，直接start=40为空；不等于主题语义召回完整。
T06-F2-S2-FORENSIC,T06-F2-S2,"(""synthetic image"" OR ""generated image"") (explanation OR explainable OR interpretability OR interpretable OR attribution OR saliency OR rationale OR reasoning) (hallucination) (forensic OR forgery OR authenticity OR detection)",1,1,10,False,False,,6230,6230,,"域约束高精度嵌套试检；估计6,230，首页10条直接相关；仍过宽，需要进一步递归拆分，未全量分页。",https://scholar.google.com/scholar?hl=zh-CN&as_sdt=0%2C5&q=(%22synthetic+image%22+OR+%22generated+image%22)+(explanation+OR+explainable+OR+interpretability+OR+interpretable+OR+attribution+OR+saliency+OR+rationale+OR+reasoning)+(hallucination)+(forensic+OR+forgery+OR+authenticity+OR+detection),,仅首页样本；比宽式主题相关性更高，但不取代宽式，未覆盖该子式全部结果。
T06-F2-S2-EXPL-FAITH,T06-F2-S2,"(""AI-generated image"" OR ""synthetic image"") (""hallucinated explanation"" OR ""explanation faithfulness"") (forensic OR detection)",3（2个结果页+start=20空尾页核查）,2,13,True,True,,13,13,无：start=0/10连续覆盖位置1–13；直接start=20为空且Next禁用,已完成当前可见索引连续核查：两页共13项；直接start=20为空并且Next禁用。只说明本明确短语子式当前索引完成，不说明整个主题穷尽。,https://scholar.google.com/scholar?hl=zh-CN&as_sdt=0%2C5&q=(%22AI-generated+image%22+OR+%22synthetic+image%22)+(%22hallucinated+explanation%22+OR+%22explanation+faithfulness%22)+(forensic+OR+detection),,当前可见索引位置1–13已连续筛选，直接start=20为空；不等于主题语义召回完整。
T06-F3-S1-AUTH-SYNTH,T06-F3-S1-AUTH,"""synthetic image"" (explanation OR explainable OR interpretability OR interpretable OR attribution OR saliency OR rationale OR reasoning) (""human evaluation"") (forgery OR tampering OR fake OR authenticity OR forensics OR detection)",start=0至600，步长10；第1–60页各10条、第61页6条，共606个唯一分页位置；第38–50页另有130条复查观察，已按标题/位置去重统计。,61,606,True,True,,606,606,,查询当前可见结果分页已完成：第1–61页606个唯一位置；第61页start=600显示6条且Next禁用。页面列表端内闭合，但Scholar估算会变化，不代表主题范围穷尽。新增大模型深伪中文综述列为引文挖掘种子。,"https://scholar.google.com/scholar?start=0&q=%22synthetic+image%22+(explanation+OR+explainable+OR+interpretability+OR+interpretable+OR+attribution+OR+saliency+OR+rationale+OR+reasoning)+(%22human+evaluation%22)+(forgery+OR+tampering+OR+fake+OR+authenticity+OR+forensics+OR+detection)&hl=zh-CN&as_dt=0,5",,Google Scholar该查询在2026-10-09检查时从start=0至600共显示606个位置，第61页Next禁用；本查询分页闭合，不等于整个研究领域文献穷尽。
T06-F3-S1-AUTH-GENERATED,T06-F3-S1-AUTH,"""generated image"" (explanation OR explainable OR interpretability OR interpretable OR attribution OR saliency OR rationale OR reasoning) (""human evaluation"") (forgery OR tampering OR fake OR authenticity OR forensics OR detection)",3页首页试检/部分分页,3,30,False,False,,2510,2510,,"任务OR拆分后的generated image分支估计约2,510；start=0/10/20读30个位置，过宽，不全分页；追加解释词OR四分支。",https://scholar.google.com/scholar?start=0&q=%22generated+image%22+%28explanation+OR+explainable+OR+interpretability+OR+interpretable+OR+attribution+OR+saliency+OR+rationale+OR+reasoning%29+%28%22human+evaluation%22%29+%28forgery+OR+tampering+OR+fake+OR+authenticity+OR+forensics+OR+detection%29&hl=zh-CN&as_sdt=0%2C5,"https://scholar.google.com/scholar?start=30&q=%22generated+image%22+(explanation+OR+explainable+OR+interpretability+OR+interpretable+OR+attribution+OR+saliency+OR+rationale+OR+reasoning)+(%22human+evaluation%22)+(forgery+OR+tampering+OR+fake+OR+authenticity+OR+forensics+OR+detection)&hl=zh-CN&as_sdt=0,5",只记录可见索引前30位；父式过宽，转递归细分。四子式OR并集覆盖其解释词块，实际召回待筛。
T06-F3-S1-AUTH-GENERATED-E1,T06-F3-S1-AUTH-GENERATED,"(""generated image"") (explanation OR explainable) (""human evaluation"") (forgery OR tampering OR fake OR authenticity OR forensics OR detection)",1次有效页面观察（start=0）,1,10,False,False,"首页估数约2,500且Next可用；未分页，过宽",2500,2500,start=10及之后未查,"首页10位置已逐条初筛；E1解释术语分支估数约2,500，直接相关候选密集但过宽，递归拆成可靠性/证据一致性/专任务词后再检；不按大结果集合分页声称穷尽。","https://scholar.google.com/scholar?q=%22generated+image%22+(explanation+OR+explainable)+%22human+evaluation%22+(forgery+OR+tampering+OR+fake+OR+authenticity+OR+forensics+OR+detection)&hl=zh-CN&as_sdt=0,5","https://scholar.google.com/scholar?start=10&q=%22generated+image%22+(explanation+OR+explainable)+%22human+evaluation%22+(forgery+OR+tampering+OR+fake+OR+authenticity+OR+forensics+OR+detection)&hl=zh-CN&as_sdt=0,5",仅首页10条；大式未完成，不代表覆盖完整。
T06-F3-S1-AUTH-GENERATED-E2,T06-F3-S1-AUTH-GENERATED,"(""generated image"") (interpretability OR interpretable) (""human evaluation"") (forgery OR tampering OR fake OR authenticity OR forensics OR detection)","实际首页start=0试检；约1,040条；逐条筛查首页10项后停止宽式分页，转取证任务词+解释效度词的交叉子式",1,10,False,False,,1040,1040,"宽式结果规模约1,040，首页外未分页；需要进一步按image forgery、evidence grounding、reasoning reliability等子式拆分","已恢复验证并试检首页：直相关论文命中密集（So-fake、Gao et al. 2026、Agentic Tool-Augmented Reasoning等），但估算约1,040，宽式停止常规翻页。十条位置逐项筛查已存`134`；候选按既有表去重。下一步用精确任务与可靠性词组合递归检索，而非机械翻完整宽式。","https://scholar.google.com/scholar?q=%22generated+image%22+(interpretability+OR+interpretable)+%22human+evaluation%22+(forgery+OR+tampering+OR+fake+OR+authenticity+OR+forensics+OR+detection)&hl=zh-CN&as_dt=0,5","https://scholar.google.com/scholar?q=%22image+forgery+detection%22+(%22faithful+explanation%22+OR+%22evidence-grounded+reasoning%22+OR+%22explanation+consistency%22)&hl=zh-CN&as_sdt=0,5","高精度首页试检10个可见位置；总估算约1,040且未分页，coverage_complete=false；具体候选由更窄式及引文追踪闭环。"
T06-F3-S1-AUTH-GENERATED-E3,T06-F3-S1-AUTH-GENERATED,"(""generated image"") (attribution OR saliency) (""human evaluation"") (forgery OR tampering OR fake OR authenticity OR forensics OR detection)",首页start=0试检；估算约785；首页10项逐位置筛选后停止宽式分页，转按归因任务拆分,1,10,False,False,,785,785,剩余宽式结果未分页；下一步拆分解释归因、伪造源归属和视觉显著性，并用exact phrase补查,首页识别出多媒体生成检测综述、人类现实环境检测基准及西澳大学伪造视觉内容博士论文。归因词多义且结果约785，未机械翻页；已逐条记首页并递归拆查询。,"https://scholar.google.com/scholar?q=%22generated+image%22+(attribution+OR+saliency)+%22human+evaluation%22+(forgery+OR+tampering+OR+fake+OR+authenticity+OR+forensics+OR+detection)&hl=zh-CN&as_dt=0,5","https://scholar.google.com/scholar?q=%22forged+visual+content%22+(explanation+OR+attribution+OR+saliency)+(reliability+OR+faithfulness+OR+evaluation)&hl=zh-CN&as_dt=0,5",首页10位置已筛，估算约785且未分页，coverage_complete=false；后续使用对任务和解释效度的交叉精确式。
T06-F3-S1-AUTH-GENERATED-E4,T06-F3-S1-AUTH-GENERATED,"(""generated image"") (rationale OR reasoning) (""human evaluation"") (forgery OR tampering OR fake OR authenticity OR forensics OR detection)","首页start=0试检；约1,340；逐条筛查首屏10项后停止宽式分页，转精确交叉式",1,10,False,False,,1340,1340,宽式结果未分页；词组命中同题预印本多，需使用image forgery/explanation reliability窄式去重,"首页发现So-fake、Gao et al.等已登记直接候选的大量重复；另外找到Borji 2023生成模型定性失败与deepfake识别研究，作为任务背景而非解释faithfulness实证。估数约1,340，停止宽式翻页，继续细分。","https://scholar.google.com/scholar?q=%22generated+image%22+(rationale+OR+reasoning)+%22human+evaluation%22+(forgery+OR+tampering+OR+fake+OR+authenticity+OR+forensics+OR+detection)&hl=zh-CN&as_dt=0,5","https://scholar.google.com/scholar?q=%22image+forgery+detection%22+(reasoning+OR+rationale)+(%22evidence-grounded%22+OR+faithful+OR+consistency)&hl=zh-CN&as_sdt=0,5","首页10位置已筛，估算约1,340且未分页；随后按精确取证任务与推理/可靠性谓词拆分。"
T06-F3-S1-AUTH-GENERATED-EXPLAIN-FORGERY,T06-F3-S1-AUTH-GENERATED,"""generated image"" explanation ""human evaluation"" ""image forgery""",start=0/10/20/30/40 + start=42边界,5,42,True,True,42,42,52,,可见索引1–42逐位置筛选；估算由52降42；start=40仅2项且Next禁用，start=42空。仅该窄式终端，非主题总体完成。,https://scholar.google.com/scholar?start=0&q=%22generated+image%22+explanation+%22human+evaluation%22+%22image+forgery%22&hl=zh-CN&as_sdt=0%2C5,,该精确式当前可见索引边界闭合；此式是生成图、人评、解释、image forgery词共现的高精度交叉检索，不等价于父式全覆盖。
T06-F3-S1-AUTH-SYNTH-EXPLAIN-FORGERY,T06-F3-S1-AUTH-SYNTH,"""synthetic image"" explanation ""human evaluation"" ""image forgery""",start=0/10/20 + 26 边界,3,26,True,True,26,26,36,,该高精度交叉式可见索引1–26逐条筛选；估数36降26，start20只有6条且Next禁用，start26空。非主题穷尽。,https://scholar.google.com/scholar?start=0&q=%22synthetic+image%22+explanation+%22human+evaluation%22+%22image+forgery%22&hl=zh-CN&as_sdt=0%2C5,,图像术语替代项synthetic image高精度交叉检索；非任务OR拆分全覆盖式。
T06-F3-S1-AUTH-RELIABILITY-TERMS,T06-F3-S1-AUTH,"(""generated image"" OR ""synthetic image"") (""explanation faithfulness"" OR ""explanation fidelity"" OR ""explanation consistency"") (""image forgery"" OR ""image tampering"" OR forensics)",start=0/10+20边界,2,20,True,True,20,20,20,,20条可见结果逐位置筛选；第2页Next禁用并start20空，当前窄式索引闭合。,https://scholar.google.com/scholar?start=0&q=%28%22generated+image%22+OR+%22synthetic+image%22%29+%28%22explanation+faithfulness%22+OR+%22explanation+fidelity%22+OR+%22explanation+consistency%22%29+%28%22image+forgery%22+OR+%22image+tampering%22+OR+forensics%29&hl=zh-CN&as_sdt=0%2C5,,仅限该术语精确式的当前Scholar可见索引，非总体领域穷尽。
T06-F3-S1-AUTH-GENERATED-RELIABILITY,T06-F3-S1-AUTH-GENERATED,"""generated image"" ""human evaluation"" (""explanation faithfulness"" OR ""explanation consistency"" OR ""evidence grounding"" OR ""explanation hallucination"") (forgery OR forensic OR detection)",start=0、10两页（共2页）,2,19,True,True,估算19；第2页9条、Next禁用；序列位置1–19连续,19,19,无,当前Scholar可见索引1–19逐条筛查；第2页Next禁用，估数稳定为19。此状态仅限该窄式快照，不代表主题穷尽；强相关候选待全文核验。,"https://scholar.google.com/scholar?q=%22generated+image%22+%22human+evaluation%22+(%22explanation+faithfulness%22+OR+%22explanation+consistency%22+OR+%22evidence+grounding%22+OR+%22explanation+hallucination%22)+(forgery+OR+forensic+OR+detection)&hl=zh-CN&as_sdt=0,5",,当前可见查询序列已闭合（1–19）；仅限窄式与时点。
T02-F2-RELIABILITY-REFRESH-20261009,T02-F2-RELIABILITY,"""image forgery"" explanation reliability",首页1页，start=0,1,10,False,False,"估算约10,800，Next可用；仅首页试检",10800,10800,后续未查；需先拆分,"首页10项逐条筛选后停止常规分页：约10,800条过宽；保留强相关候选并递归细分。动态首页与既有相同查询命中不同，提示索引/排序可能变化。","https://scholar.google.com/scholar?q=%22image+forgery%22+explanation+reliability&hl=zh-CN&as_sdt=0,5",,仅首页试检；当前未完成。
T02-F2-WHEREWHY-TITLE,T02-F2-RELIABILITY,"""Where and Why in Image Forgery: A Benchmark for Joint Localization and Explanation""",1页，start=0,1,1,True,True,exact title only; 1 result,1,1,无,精确题名检索1条；题录及OpenReview官方PDF摘要文本已核。此为论文身份与摘要核对，不代表主题检索完成。,"https://scholar.google.com/scholar?q=%22Where+and+Why+in+Image+Forgery%3A+A+Benchmark+for+Joint+Localization+and+Explanation%22&hl=zh-CN&as_sdt=0,5",,仅精确题名检索可见索引闭合。
T02-F2-IMAGE-RELIABILITY-COMBINED,T02-F2-RELIABILITY,"(""image forgery"" OR ""image manipulation"" OR ""image tampering"" OR ""image splicing"" OR ""copy-move forgery"") (""explanation faithfulness"" OR ""XAI faithfulness"" OR ""explanation fidelity"" OR ""explanation consistency"")","start=0,10,20,30,40及start=42空尾页共6个偏移",5,42,True,True,估计数52变42（差19.2%）；start40仅2条；start42空且Next禁用；位置1–42连续,42,52,无：1–42连续,当前精确查询可见位置1–42逐条筛查，估数从52动态降至42；start42空尾页且Next禁用。窄式索引闭合，不代表主题穷尽。直接候选原稿核验/引文链仍待完成。,"https://scholar.google.com/scholar?q=(%22image+forgery%22+OR+%22image+manipulation%22+OR+%22image+tampering%22+OR+%22image+splicing%22+OR+%22copy-move+forgery%22)+(%22explanation+faithfulness%22+OR+%22XAI+faithfulness%22+OR+%22explanation+fidelity%22+OR+%22explanation+consistency%22)&hl=zh-CN&as_sdt=0,5",,本窄式当前索引位置1–42连续并以空尾页闭合；Scholar索引动态，不能外推主题穷尽。
V109,T01-F2,"(""image forgery"" OR ""image manipulation"" OR ""image tampering"") (explainable OR explanation OR interpretability OR attribution) (faithfulness OR fidelity OR grounding OR hallucination OR ""sanity check"" OR evaluation)",100页已筛：start=0–990；另直查start=1000空页；恢复后start=460复核正常，沿可见Next至start=470遇异常流量页,100,999,False,False,,20900,20900,"Google Scholar第100页后受分页上限影响；start=1000仅空框，估算仍约20,900；需以拆分子式补查","第1–100页位置1–999逐条筛查，末页仅9条；第100页Next禁用，直查start=1000返回无结果卡片而估算仍约20,900，判定为Scholar分页上限/空页，不能视为主题或查询已闭合。无强相关新增；后续以V110等窄子式拆分补检。 恢复复核：start=460为正常第47页，下一页start=470遇Google异常流量/验证页；新断点，未计零结果，仍不完整。","https://scholar.google.com/scholar?q=(%22image+forgery%22+OR+%22image+manipulation%22+OR+%22image+tampering%22)+(explainable+OR+explanation+OR+interpretability+OR+attribution)+(faithfulness+OR+fidelity+OR+grounding+OR+hallucination+OR+%22sanity+check%22+OR+evaluation)&hl=zh-CN&as_sdt=0,5","https://scholar.google.com/scholar?start=470&q=(%22image+forgery%22+OR+%22image+manipulation%22+OR+%22image+tampering%22)+(explainable+OR+explanation+OR+interpretability+OR+attribution)+(faithfulness+OR+fidelity+OR+grounding+OR+hallucination+OR+%22sanity+check%22+OR+evaluation)&hl=zh-CN&as_sdt=0,5","逐条筛查Scholar当前可访问的前100页共999个结果位置（含重复、多版本及引文卡片）；页面估算约20,900且start=1000为空，受100页分页上限限制，coverage_complete=false，必须拆分查询。"
V110,T01-F2,"(""image forgery"" OR ""image manipulation"" OR ""image tampering"") (explainable OR explanation OR interpretability OR attribution) (faithfulness OR fidelity OR grounding OR hallucination OR ""sanity check"")",start=0–990，步长10，100页逐条筛查；start=1000直查显示第101页空结果容器且无题录；分页器在第100页停止,100,994,False,False,"start=1000：Scholar仍估10,300条，却只显示第101页空结果容器；第100页无下一页链接，不视为查询闭合",10300,10300,Scholar分页边界后仍有估算未覆盖记录；需用拆分子式与引用链补检,"已逐条筛查可访问的100页，实际994个位置（末页4条）；同题重复沿用历史判定。Scholar估算仍约10,300，start=1000只返回空容器，故这是分页上限/索引冲突，不是完整检索。下一步停止重复翻此宽式，优先完成高精度拆分式及强相关种子论文前后向引文。","https://scholar.google.com/scholar?q=(""image%20forgery""%20OR%20""image%20manipulation""%20OR%20""image%20tampering"")%20(explainable%20OR%20explanation%20OR%20interpretability%20OR%20attribution)%20(faithfulness%20OR%20fidelity%20OR%20grounding%20OR%20hallucination%20OR%20""sanity%20check"")","https://scholar.google.com/scholar?start=1000&q=(""image%20forgery""%20OR%20""image%20manipulation""%20OR%20""image%20tampering"")%20(explainable%20OR%20explanation%20OR%20interpretability%20OR%20attribution)%20(faithfulness%20OR%20fidelity%20OR%20grounding%20OR%20hallucination%20OR%20""sanity%20check"")&hl=zh-CN&as_sdt=0,5","Google Scholar V110宽式前100页可见位置1–994逐条筛查；估算约10,300且start=1000空容器，仍不完整，不据此宣称领域穷尽。"
T06-F3-S1-AUTH-GENERATED-E2-R1,T06-F3-S1-AUTH-GENERATED-E2,"""image forgery detection"" (""faithful explanation"" OR ""evidence-grounded reasoning"" OR ""explanation consistency"")",start=0首页10条；start=10第2页5条，Next禁用；可见15条均已逐条筛选,2,15,True,True,,15,15,,高精度Scholar细式可见终页已完成：15条、2页（10+5），第2页Next禁用。发现/确认Explain­ing AI-Image Detection热图因果效度边界研究、ACM系统综述及多篇已登记直接候选；当前细式查询闭合，整体领域仍需其他同义词和引文链。,首页10条逐位置筛选；可见结果约15条，待取末页5条并核验终页,,当前Scholar显示15条；第2页start=10含5条且Next禁用，15个可见位置逐条筛毕。领域层面仍不穷尽。
T06-F3-S1-AUTH-GENERATED-E3-R1,T06-F3-S1-AUTH-GENERATED-E3,"""forged visual content"" (explanation OR attribution OR saliency) (reliability OR faithfulness OR evaluation)",1,1,3,True,True,,3,3,,首页唯一页3项逐位置筛查；Scholar无分页器显示其余页,"https://scholar.google.com/scholar?q=%22forged+visual+content%22+(explanation+OR+attribution+OR+saliency)+(reliability+OR+faithfulness+OR+evaluation)&hl=zh-CN&as_dt=0,5",,终页观察：当前式显示3条，无下一页；其中1综述、1学位论文待核、1检测模型。非领域穷尽证明。
T06-F3-S1-AUTH-GENERATED-E4-R1,T06-F3-S1-AUTH-GENERATED-E4,"""image forgery detection"" (reasoning OR rationale) (""evidence-grounded"" OR faithful OR consistency)",1,1,984,False,False,,984,984,剩余宽式未筛；大量跨式结果未覆盖,首页10条命中强相关候选，估算约984；停止宽式常规分页，递归细分,"https://scholar.google.com/scholar?q=%22image+forgery+detection%22+(reasoning+OR+rationale)+(%22evidence-grounded%22+OR+faithful+OR+consistency)&hl=zh-CN&as_dt=0,5","https://scholar.google.com/scholar?q=%22image+forgery+detection%22+%22faithful+justification%22&hl=zh-CN&as_sdt=0,5",首页10项逐位置筛查；精确返回98? 该数字为当前宽式估算984，非结果总数；继续使用faithful justification精确子式，保留uncertainty。
T06-F3-S1-AUTH-GENERATED-E4-R2,T06-F3-S1-AUTH-GENERATED-E4-R1,"""faithful justifications"" ""image authentication""",start=0首页唯一1条，已逐位置筛查；无下一页/分页器,1,1,True,True,,1,1,,当前可见式唯一结果已审；论文全文核读为直接强相关：解释事实正确/完整评测+小样本信任评价。终页仅限本式当前索引，不代表领域穷尽。,"https://scholar.google.com/scholar?q=%22faithful+justifications%22+%22image+authentication%22&hl=zh-CN&as_sdt=0,5",,Google Scholar当前显示1条且无后续页；该子式可见索引闭合。领域整体仍未完成，继续检查其它术语族及前后向引文。
T06-F3-S1-AUTH-GENERATED-E4-R3,T06-F3-S1-AUTH-GENERATED-E4,"""image authenticity"" explanation faithfulness",start=0首页已逐条筛查10项,1,10,False,False,,158,158,其余估算结果未筛；宽式分页未闭合,首页10项逐位置筛查完成，检出多篇直接核心论文及一篇新面部反欺骗邻接；因宽式估算158且已命中高相关，停止机械翻页，转入精确措辞/引文追踪。,"https://scholar.google.com/scholar?q=%22image+authenticity%22+explanation+faithfulness&hl=zh-CN&as_sdt=0,5","https://scholar.google.com/scholar?q=%22image+authenticity%22+%22explanation+faithfulness%22&hl=zh-CN&as_sdt=0,5",当前仅首页10个可见位置；estimate 158为Scholar动态估算，当前宽式未闭合。标题重复项复用旧筛查，不重复全文审读。
T06-F3-S1-AUTH-GENERATED-E4-R4,T06-F3-S1-AUTH-GENERATED-E4-R3,"""image authenticity"" ""explanation faithfulness""",start=0：Scholar显示获得4条结果，全部逐位置筛查,1,4,True,True,,4,4,,精确式当前索引4条全部筛查；1条新直接任务论文Evidence Fusion待全文核验，3条为已审/已记邻接候选。只对本精确式闭合，不代表领域整体完成。,"https://scholar.google.com/scholar?q=%22image+authenticity%22+%22explanation+faithfulness%22&hl=zh-CN&as_sdt=0,5",,Google Scholar当前精确短语式共显示4条，未出现分页器；四个结果位置均记录。当前索引终页≠领域穷尽。
T06-F3-S1-AUTH-GENERATED-E4-R5,T06-F3-S1-AUTH-GENERATED-E4,"(""image forgery"" OR ""image manipulation"") ""explanation faithfulness""",start=0与start=10两页：Scholar显示17条，两页共17项逐条筛查,2,17,True,True,,17,17,,当前精确式2页17条全部筛查、可见末页闭合；3篇新/待原文强相关候选优先核读（Xu 2608.20913、SGEVL、Spot and Explain Public Trust），其余分通用方法/范围邻接/排除。仅本式索引闭合。,"https://scholar.google.com/scholar?q=%28%22image+forgery%22+OR+%22image+manipulation%22%29+%22explanation+faithfulness%22&hl=zh-CN&as_sdt=0,5",,Scholar当前显示17条，第1页10条、第2页7条，均已记录。只对该检索式当前索引可见终页闭合，不代表领域穷尽。
T06-F3-S1-AUTH-GENERATED-E4-R6,T06-F3-S1-AUTH-GENERATED-E4,"(""forensic evidence"" OR ""visual evidence"") (""explanation faithfulness"" OR ""faithful explanation"") (image OR deepfake OR forgery)",start=0至180共19页逐位置筛查；最终start=180仅1条；Scholar显示当前索引181条且下一页禁用,19,181,True,True,,181,181,,本精确检索式当前Google Scholar索引的181个位置已全部筛查（第1–18页各10项，第19页1项）。当前式闭合仅限这次索引快照；不代表该领域穷尽。,"https://scholar.google.com/scholar?q=%28%22forensic+evidence%22+OR+%22visual+evidence%22%29+%28%22explanation+faithfulness%22+OR+%22faithful+explanation%22%29+%28image+OR+deepfake+OR+forgery%29&hl=zh-CN&as_sdt=0,5",,当前检索式页面可见终页与估计数量一致：181条位置已记录并筛查。Scholar估数动态，精确式闭合≠研究主题穷尽。
T06-F3-S1-AUTH-GENERATED-E4-R1-JUSTIFICATION,T06-F3-S1-AUTH-GENERATED-E4-R1,"""image forgery detection"" ""faithful justification""",Google Scholar精确短语检索；显示与所有文章均不相符,1,0,False,True,,0,0,,当前精确短语检索无结果；不推断同义表达/相关研究不存在。,"https://scholar.google.com/scholar?q=%22image+forgery+detection%22+%22faithful+justification%22&hl=zh-CN&as_sdt=0,5",,Google Scholar第1页明确显示“与所有文章均不相符”；本精确短语式的当前结果为0，非主题空缺结论。
CIT-EFR-FWD-20261009,citation-chasing,Cited by: Evidence-Grounded Forensic Reasoning for Detecting and Grounding Multi-Modal Media Manipulation (EFR),Exact-title Scholar record reports Cited by 1; citing page shows one result.,1,1,True,True,,1,1,,唯一 citing result MAD-Guard已在101逐条日志记录并完成arXiv全文审阅；当前页面无后续。,https://scholar.google.com/scholar?q=%22Evidence-Grounded+Forensic+Reasoning+for+Detecting+and+Grounding+Multi-Modal+Media+Manipulation%22&hl=en,,当前Google Scholar显示的1条被引记录已筛查；不代表未来不会新增引用。
T02-F4-S4-REFINED-DI,T02-F4-S4,"(""image forgery"" OR ""image tampering"" OR ""image splicing"" OR ""copy-move forgery"") (explanation OR explainable OR attribution OR saliency) (deletion OR insertion)","首页1–10逐条筛；估算约2,580，继续用faithfulness/validity评估词细分",1,10,False,False,,2580,2580,其余页面未查，计划新增faithfulness/grounding/human evaluation限定精细式,"首页10项逐条筛查后停止该式分页，因约2,580条仍过宽。高信号候选有FakeShield版本复现、两篇解释图像伪造检测综述、Beyond Accuracy、数字取证解释博士论文、NeurIPS文本图像伪造可解释数据合成。","https://scholar.google.com/scholar?q=(%22image+forgery%22+OR+%22image+tampering%22+OR+%22image+splicing%22+OR+%22copy-move+forgery%22)+(explanation+OR+explainable+OR+attribution+OR+saliency)+(deletion+OR+insertion)&hl=zh-CN&as_sdt=0,5",,仅首页筛查；需可靠性终点收窄后继续。
T02-F4-S4-FAITHFUL-DELETION,T02-F4-S4,"(""image forgery"" OR ""image tampering"" OR ""image splicing"" OR ""copy-move forgery"") (""explanation faithfulness"" OR ""explanation fidelity"" OR ""XAI faithfulness"" OR ""explanation consistency"") (deletion OR insertion)",当前查询快照4条结果全部逐条筛查；无分页控件,1,4,True,True,,4,4,,精确忠实度×删除/插入式显示4条，全部筛查；闭合当前快照，不代表全部解释词族/伪造词族。两条静态图像直接候选、一条原始出版源待核候选和一条视频邻接。,"https://scholar.google.com/scholar?q=(%22image+forgery%22+OR+%22image+tampering%22+OR+%22image+splicing%22+OR+%22copy-move+forgery%22)+(%22explanation+faithfulness%22+OR+%22explanation+fidelity%22+OR+%22XAI+faithfulness%22+OR+%22explanation+consistency%22)+(deletion+OR+insertion)&hl=zh-CN&as_sdt=0,5",,当前精确查询快照显示4条且无分页，已闭合；引文链与全文效度仍未完成。
T02-F4-S6-DOMAIN-TAG-TITLE,T02-F4-S5,"""Domain-Tag Guided Multimodal Explanations for Trustworthy Image Authentication in the Social Internet of Things""",精确题名start=0，Scholar唯一结果；1页,1,1,True,True,,1,1,无,精确题名当前Scholar快照唯一结果已记录；官方MDPI记录和正文人评设计已核。只对题名式闭合。,"https://scholar.google.com/scholar?q=%22Domain-Tag+Guided+Multimodal+Explanations+for+Trustworthy+Image+Authentication+in+the+Social+Internet+of+Things%22&hl=zh-CN&as_sdt=0,5",,本精确题名当前索引唯一；不代表相关文献族或领域检索穷尽。
T02-F3-S1-IMAGEFORGERY-QUALITY-HUMAN-20261010,T02-F3-S1,"(""image forgery"" OR ""image tampering"" OR ""image manipulation"") (""explanation quality"" OR ""explanation correctness"" OR ""explanation accuracy"") (""human evaluation"" OR ""expert evaluation"" OR ""human study"")","start=0,10,20,30; start=40空尾页核查",4,34,True,True,,34,44,,该高精度查询当前可见分页已闭合；Scholar初始显示约44、后续变为34；start=0/10/20/30共34条；start=40无结果且下一页禁用。结果数发生动态变化，不能据此声称主题穷尽。,"https://scholar.google.com/scholar?start=0&q=%28%22image+forgery%22+OR+%22image+tampering%22+OR+%22image+manipulation%22%29+%28%22explanation+quality%22+OR+%22explanation+correctness%22+OR+%22explanation+accuracy%22%29+%28%22human+evaluation%22+OR+%22expert+evaluation%22+OR+%22human+study%22%29&hl=zh-CN&as_sdt=0,5","https://scholar.google.com/scholar?start=40&q=%28%22image+forgery%22+OR+%22image+tampering%22+OR+%22image+manipulation%22%29+%28%22explanation+quality%22+OR+%22explanation+correctness%22+OR+%22explanation+accuracy%22%29+%28%22human+evaluation%22+OR+%22expert+evaluation%22+OR+%22human+study%22%29&hl=zh-CN&as_sdt=0,5",本查询当前快照逐位置筛查34条（含版本重复），start=40空尾页、Next禁用；只证明本查询快照闭合，不等于研究主题召回完全。
CIT-FAKEXPLAIN-FWD-20261010,CIT-FAKEXPLAIN,Cited by: FakeXplain: AI-Generated Image Detection via Human-Aligned Grounded Reasoning,exact-title cited-by start=0; six entries screened,1,6,True,True,,6,6,,Scholar exact-title cited-by displayed six works with no pagination; all six positions individually screened. Current snapshot only.,"https://scholar.google.com/scholar?cites=593369253125788082&as_sdt=2005&sciodt=0,5&hl=zh-CN",,6 citing works screened; current Scholar snapshot only.
CIT-SPARED-FWD-20261010,CIT-FAKEXPLAIN-FWD-20261010,"""SPARED: Reasoning-Based AI-Generated Image Detection via Adversarially Edited Data""",exact-title Scholar query; start=0,1,1,True,True,,1,1,,精确题名仅返回自身记录，卡片未显示Cited by链接；当前Scholar快照未发现前向被引记录。全领域引用状态仍可能随索引变化。,"https://scholar.google.com/scholar?q=%22SPARED%3A+Reasoning-Based+AI-Generated+Image+Detection+via+Adversarially+Edited+Data%22&hl=zh-CN&as_sdt=0,5",,仅指2026-10-10 Scholar快照的精确题名查询；不代表未来无被引，也不代表主题穷尽。
T02-F2-CAUSAL-EXPL,T02-F2,"(""image forgery detection"" OR ""image manipulation detection"") (""causal explanation"" OR ""counterfactual explanation"" OR faithfulness)","start=0,10,20,30,40,50,60,70,80; 9 pages逐位置筛查",9,88,True,True,,88,98,,已筛当前Scholar索引可见位置0–87，共88项，9页连续；初始约98，后页动态降至88，start=80末页8项且Next禁用。含跨任务噪声，不能当领域全覆盖；直接候选均优先复用既有全文核读。,"https://scholar.google.com/scholar?q=(%22image+forgery+detection%22+OR+%22image+manipulation+detection%22)+(%22causal+explanation%22+OR+%22counterfactual+explanation%22+OR+faithfulness)&hl=zh-CN&as_sdt=0,5",,当前查询快照0–87连续可见且到末页；初末估算变化构成索引风险，不代表全领域穷尽。
T02-F2-EXPL-STABILITY-20261010,T02-F2,"(""image forgery"" OR ""image manipulation"" OR ""image tampering"") (""explanation stability"" OR ""attribution stability"" OR ""explanation robustness"" OR ""saliency stability"")","start=0,10; 2 pages逐位置筛查",2,14,True,True,,14,14,,精确解释稳定性/归因鲁棒性查询14条均已筛查，2页连续，当前Next禁用。ViT-Xplain为视频deepfake解释稳定性邻接并已记录候选；其余主要为通用XAI、生成编辑、数字文件/金融欺诈或聚合卷册。只闭合当前查询快照。,"https://scholar.google.com/scholar?q=%28%22image+forgery%22+OR+%22image+manipulation%22+OR+%22image+tampering%22%29+%28%22explanation+stability%22+OR+%22attribution+stability%22+OR+%22explanation+robustness%22+OR+%22saliency+stability%22)&hl=zh-CN&as_sdt=0,5",,此式14条当前索引结果已筛查；对主题只提供一个窄词族补充，不代表总体穷尽。
T02-F2-SUFFICIENCY-BROAD-20261010,T02-F2,"(""image forgery"" OR ""image manipulation"" OR ""image tampering"") (explanation OR attribution OR saliency) (sufficiency OR comprehensiveness OR completeness)",start=0; 1 result page,1,10,False,False,,3590,3590,,"首页10项筛查；估数约3,590，页面命中FakeBench/ForenX等直接候选但跨任务噪声大；停止机械翻页，转解释完整性/充分性精确式和候选原文核查。","https://scholar.google.com/scholar?q=%28%22image+forgery%22+OR+%22image+manipulation%22+OR+%22image+tampering%22%29+%28explanation+OR+attribution+OR+saliency%29+%28sufficiency+OR+comprehensiveness+OR+completeness%29&hl=zh-CN&as_sdt=0,5","https://scholar.google.com/scholar?start=10&q=%28%22image+forgery%22+OR+%22image+manipulation%22+OR+%22image+tampering%22%29+%28explanation+OR+attribution+OR+saliency%29+%28sufficiency+OR+comprehensiveness+OR+completeness%29&hl=zh-CN&as_sdt=0,5",仅当前精确式/参考题名层级筛查；不代表全领域穷尽，也不代表引文均已全文核验。
T02-F2-IMAGEFORGERY-COMPLETENESS-20261010,T02-F2,"""image forgery"" ""explanation completeness""",start=0; 1 result page,1,1,True,True,,1,1,,精确短语当前索引唯一结果FakeVLM-R1已全文核读；对应直接候选已收录，76条参考逐篇初筛。当前短语式闭合不代表主题穷尽。,"https://scholar.google.com/scholar?q=%22image+forgery%22+%22explanation+completeness%22&hl=zh-CN&as_sdt=0,5",,仅当前精确式/参考题名层级筛查；不代表全领域穷尽，也不代表引文均已全文核验。
T02-F2-FAKEVLM-R1-REFS,T02-F2,FakeVLM-R1 official arXiv v1 references [1–76],official references numbered 1–76,1,76,True,True,,76,76,,76条参考逐篇题名/年份/主题初筛已完成；直接相关论文映射既有唯一候选/原文记录，非76篇全文核验。详见T02-F2-FAKEVLM-R1-76_REFERENCES_逐篇主题初筛_20261010.csv。,https://arxiv.org/html/2605.30062,,仅当前精确式/参考题名层级筛查；不代表全领域穷尽，也不代表引文均已全文核验。
CIT-FAKEVLMR1-FWD-20261010,T02-F2-FAKEVLM-R1-REFS,Cited by: FakeVLM-R1: Internalizing Physical Laws via CoT for Synthetic Image Detection,exact Cited-by list start=0,1,2,True,True,,2,2,,Google Scholar将FakeVLM-R1列出2篇引用。Veritas++官方全文已筛，结论是解释检测方法邻接但并未直接优化/评测解释可靠性；MAD-Guard复用既有全文审查。两个位置逐条登记。,"https://scholar.google.com/scholar?cites=6823621447106054774&as_sdt=2005&sciodt=0,5&hl=zh-CN",,仅当前Scholar Cited-by快照显示的2项；引用索引会变化，不代表未来无新引用。
T02-F2-SUFF-ATTR-CROSS-20261010,T02-F2,"(""image forgery"" OR ""image manipulation"" OR ""image tampering"") (""sufficiency"" OR ""comprehensiveness"") (""explanation"" OR ""saliency"" OR ""attribution"")",start=0 only; 1 page,1,10,False,False,,801,801,10+,首屏10项逐条筛查；存在高相关重复、方法邻接与检索噪声；停止宽式机械翻页并对充分性/完整性词族继续细分。,"https://scholar.google.com/scholar?q=%28%22image+forgery%22+OR+%22image+manipulation%22+OR+%22image+tampering%22%29+%28%22sufficiency%22+OR+%22comprehensiveness%22%29+%28%22explanation%22+OR+%22saliency%22+OR+%22attribution%22%29&hl=zh-CN&as_sdt=0,5","https://scholar.google.com/scholar?start=10&q=%28%22image+forgery%22+OR+%22image+manipulation%22+OR+%22image+tampering%22%29+%28%22sufficiency%22+OR+%22comprehensiveness%22%29+%28%22explanation%22+OR+%22saliency%22+OR+%22attribution%22%29&hl=zh-CN&as_sdt=0,5",仅首屏筛选；动态结果估值不等于召回率或穷尽。
T02-F2-IMAGEFORGERY-SUFF-EXPL-20261010,T02-F2,"""image forgery"" sufficiency explanation",start=0 only; 1 page,1,10,False,False,,2910,2910,10+,首屏10项已筛查；大量命中检测综述/背景，停止宽式机械翻页；SUMI-IFL作为特征充分性邻接而非解释评估。,"https://scholar.google.com/scholar?q=%22image+forgery%22+sufficiency+explanation&hl=zh-CN&as_sdt=0,5","https://scholar.google.com/scholar?start=10&q=%22image+forgery%22+sufficiency+explanation&hl=zh-CN&as_sdt=0,5",仅首屏筛选；高估值/单式首屏不能代表主题完整覆盖。
T02-F2-LOGICLENS-EXACT-20261010,T02-F2,"""LogicLens: Visual-Logical Co-Reasoning for Text-Centric Forgery Analysis""",start=0; 1 result,1,1,True,True,,1,1,,精确题名用于核验LogicLens身份，当前唯一结果与原页记录合并；前向引用另查。,"https://scholar.google.com/scholar?q=%22LogicLens%3A+Visual-Logical+Co-Reasoning+for+Text-Centric+Forgery+Analysis%22&hl=zh-CN&as_sdt=0,5",,仅精确题名身份查询闭合，不表示主题检索完成。
CIT-LOGICLENS-FWD-20261010,T02-F2-LOGICLENS-EXACT-20261010,Cited by: LogicLens: Visual-Logical Co-Reasoning for Text-Centric Forgery Analysis,Cited by page start=0,1,2,True,True,,2,2,,Scholar当前2条前向引用均已逐条筛选；引用索引是当日快照。,"https://scholar.google.com/scholar?cites=1422527919519432774&as_sdt=2005&sciodt=0,5&hl=zh-CN",,当前引用列表2条已筛；不代表未来不会新增引用。
T02-F2-LOGICLENS-REFS-20261010,T02-F2-LOGICLENS-EXACT-20261010,LogicLens official arXiv references [1–52],current page; 52 items,1,52,True,True,,52,52,,LogicLens官方全文参考[1]–[52]逐篇题名/主题筛查；直接相关种子复用已核记录，不将52条题录筛查说成52篇全文核读。,https://arxiv.org/html/2512.21482,,参考链题名/主题级检查闭合；主题检索不因此穷尽。
T02-F3-TEXTCENTRIC-EXPL-RELIABILITY-20261010,T02-F3,"(""text-centric forgery"" OR ""tampered text detection"" OR ""document image forgery"") (explanation OR reasoning OR grounding) (factuality OR reliability OR robustness OR evaluation)","start=0,10,20,30,40,50,60,70,80,90; start=100空页确认终止",10,97,True,True,100（空页，终止确认）,97,107,,10个有结果分页共97条已逐项筛选；start=90页面显示总97条并为末页，start=100无结果确认终止。 Scholar首屏估计约107条与后续显示97条不一致，按实际可见分页记97，不把估值当精确总数。,"https://scholar.google.com/scholar?q=%28%22text-centric+forgery%22+OR+%22tampered+text+detection%22+OR+%22document+image+forgery%22%29+%28explanation+OR+reasoning+OR+grounding%29+%28factuality+OR+reliability+OR+robustness+OR+evaluation%29&hl=zh-CN&start=0&as_sdt=0,5","https://scholar.google.com/scholar?q=%28%22text-centric+forgery%22+OR+%22tampered+text+detection%22+OR+%22document+image+forgery%22%29+%28explanation+OR+reasoning+OR+grounding%29+%28factuality+OR+reliability+OR+robustness+OR+evaluation%29&hl=zh-CN&start=100&as_sdt=0,5",仅此查询在检索当日动态索引中的可见结果分页闭合；不等于该主题所有文献穷尽或Google Scholar召回率100%。
CIT-OMNIIML-REFS-20261010,T02-F3-TEXTCENTRIC-EXPL-RELIABILITY-20261010,Backward references of Omni-IML: Towards Unified Image Manipulation Localization (arXiv:2411.14823v2),"official arXiv HTML References, items 1-49; title/task screen",1,49,True,True,,49,49,,官方v2全文49条参考文献均逐条题名/主题初筛；FakeShield、SIDA、FFAA等重复强相关项沿用既有全文核读；此表不声称其余论文全文均已核。,https://arxiv.org/html/2411.14823,,仅该版本列出的49条参考文献已题录级筛查；引用版本、遗漏文献和非引用关系无法由本表穷尽。
CIT-SIDA-TITLE-20261010,citation-chasing,"Exact-title lookup and Cited by chain: SIDA: Social Media Image Deepfake Detection, Localization and Explanation with Large Multimodal Model",start=0 exact title request; Google Scholar returned CAPTCHA before showing result cards,0,0,False,False,,,,"await user verification, then inspect exact-title card and Cited by pages",安全验证阻断；尚未读取或计数任何SIDA Scholar结果。第85标签保留当前URL，用户完成验证后从此处读取，不重复已做的全文核读。,https://scholar.google.com/scholar?q=%22SIDA%3A+Social+Media+Image+Deepfake+Detection%2C+Localization+and+Explanation+with+Large+Multimodal+Model%22&hl=zh-CN&as_sdt=0%2C5,,题名检索尚未完成；0结果位置仅表示验证码前未加载结果，不代表零命中。
CIT-DISSECT-REFS-20261010,V109-DIRECT-CANDIDATE,Backward references of Dissecting Deepfake Artifacts via Multimodal Explanations (Springer DOI 10.1007/978-981-95-6950-2_3),"Springer official chapter reference list, positions 1–40, title/topic screen",1,40,True,True,,40,40,,出版商页面可见的40个参考位置已逐篇按题名/主题筛查，重复引文单独标注；FakeShield/SIDA/Forensics-Bench/quantitative XAI references按已知身份合并。筛查不等于40篇全文阅读。章节正文订阅受限，方法评价细节待取全文。,https://link.springer.com/chapter/10.1007/978-981-95-6950-2_3,,仅该出版商参考列表40个位置已题录级筛查；不代表已全文审阅引用文献或已获得章节正文。
FX-CITEDBY-FORWARD-CHAIN,FX-FAKEXPLAIN-SEED,Google Scholar Cited by: FakeXplain: AI-Generated Image Detection via Human-Aligned Grounded Reasoning,cites=593369253125788082；当前页面一次显示6条结果，逐条筛选见T17；4篇复用旧全文记录，2篇新核查,1,6,True,True,,6,6,,仅就本次Scholar可见的6条Cited-by快照闭合；直接候选全部复用既有核读，新增FraudBench全文邻接与Q-REAL摘要邻接；不代表Scholar整个引文图谱完全穷尽。,"https://scholar.google.com/scholar?hl=zh-CN&as_sdt=2005&sciodt=0,5&cites=593369253125788082&scipsc=",,6/6当前可见位置逐项登记；页面快照完成，不宣称学术引文覆盖穷尽。
FX-VERITAS-CITEDBY-FORWARD-CHAIN,FX-CITEDBY-FORWARD-CHAIN,Google Scholar Cited by: Veritas++: Value-Aware On-Policy Distillation for Perception-Enhanced AIGI Detection,cites=15717280904511986253；当前Scholar页显示2项，逐项筛查见T18,1,2,True,True,,2,2,,限当前cited-by快照2/2位置闭合。图表理解论文排除；Typographic Attack全文新增入账为强鉴伪鲁棒性邻接，解释效度未测。,https://scholar.google.com/scholar?hl=zh-CN&as_sdt=0%2C5&cites=15717280904511986253,,仅对当前可见2项完成筛查；不代表Google Scholar所有版本/引文覆盖穷尽。
SIDA-CITEDBY-FORWARD-20261010,SIDA-EXPLAINABLE-IMAGE-DEEPFAKE-SEED,"Google Scholar Cited by: SIDA: Social Media Image Deepfake Detection, Localization and Explanation with Large Multimodal Model","Google Scholar Cited by SIDA: pages 1–23; offsets 0,10,...,220; pages 1–22 each 10 cards and final page 5 cards; every visible card screened; existing items reused by identity",23,225,True,True,,225,225,,当前SIDA cited-by快照的225/225可见结果位置已逐页逐条登记并完成题录筛查；目录既有作品复用旧核读；新直接候选加入90表待原文审查。当前页面末页为第23页（5条）。这是一次Scholar快照闭环，不代表版本聚类外的引文穷尽或候选全文筛选完成。,"https://scholar.google.com/scholar?cites=16430844593300956743&as_sdt=2005&sciodt=0,5&hl=zh-CN",,该SIDA cited-by Google Scholar快照可见225/225位置筛选闭合；筛选粒度为题名和可见摘要。独立作品去重、版本聚类、新候选全文/指标核验、其引文递归和整体领域检索仍未完成，不承诺零遗漏。
CIT-LOOKBEFORE-TITLE-20261010,citation-chasing,Exact-title Scholar lookup: Look Before You Judge: Training-Free Region Mining for Grounded and Explainable Deepfake Detection,Exact-title query loaded normally; result card reports 1 result. No Cited by link is visible on the card.,1,1,True,True,,1,1,,Exact-title record verified and added to 74. Cited by control is not present; do not infer zero citations. Full-text review completed in 172.,"https://scholar.google.com/scholar?q=%22Look+Before+You+Judge%3A+Training-Free+Region+Mining+for+Grounded+and+Explainable+Deepfake+Detection%22&hl=zh-CN&as_sdt=0,5",,Exact-title query returned one visible record; citation-chain status is unknown because Scholar did not expose a Cited by link.
CIT-SIDE-VLM-REFS-20261010,ICPR-2026-SIDE-VLM,Publisher references of Explainability-Guided Deepfake Detection for High-Fidelity Facial Edits,"Springer official chapter references [1]-[21], each title and topic screened; no full-text access to citing chapter.",1,21,True,True,,21,21,citing chapter full text inaccessible; abstract claims await full-text verification,Springer可见21条参考文献位置已逐项主题初筛，见T21；Can ChatGPT Detect DeepFakes与SHIELD既有候选身份复用。全文章节受订阅限制，摘要内容未当作已核实实验。,https://link.springer.com/chapter/10.1007/978-3-032-31663-9_33,,仅publisher当前列出的21个参考位置闭合题名筛查；不表示21篇均全文审核或该文摘要主张已验证。
FORGE-EXACT-TITLE-20261010,FORGE-TRUTHLENS-SEED,"""FORGE: Forensic Reasoning with Grounded Evidence""",Exact title search performed after CAPTCHA; Scholar returned no matching article under current title.,1,0,True,True,,0,0,current-title indexing absent; use arXiv identifier/title history,精确现题名无命中；同一作品以旧题TruthLens编目，转arXiv ID检索。,"https://scholar.google.com/scholar?q=%22FORGE%3A+Forensic+Reasoning+with+Grounded+Evidence%22&hl=zh-CN&as_sdt=0,5","https://scholar.google.com/scholar?q=2503.15867&hl=zh-CN&as_sdt=0,5",只说明该精确字符串未命中，不说明作品未被收录。
FORGE-ARXIV-ID-250315867-20261010,FORGE-TRUTHLENS-SEED,2503.15867,"Google Scholar pages start=0,10,20; 10+10+5 result cards. Title/abstract snippets screened at every position.",3,25,True,True,,25,25,"arXiv ID search is a Scholar query snapshot, not a complete citing-paper set; full text pending for new neighbors.",arXiv ID query 25/25 visible positions screened; multiple historical TruthLens titles merged to FORGE identity; existing works reuse 90/172 identities; see T22.,"https://scholar.google.com/scholar?q=2503.15867&hl=zh-CN&as_sdt=0,5",,该Scholar查询的可见25个结果位置闭合题录筛查；不等同于FORGE全部前向引用。
CIT-FORGE-TRUTHLENS-20261010,FORGE-TRUTHLENS-SEED,Google Scholar Cited by: TruthLens/FORGE arXiv:2503.15867,"Cited-by page cites=5448038239159642453; one page, two result cards.",1,2,True,True,,2,2,This is Scholar Cited-by snapshot; author/title-version cluster may differ.,Scholar Cited by returned 2 works: EFR and VIGIL; both identities already full-text screened and reused; see T23.,"https://scholar.google.com/scholar?cites=5448038239159642453&as_sdt=2005&sciodt=0,5&hl=zh-CN",,该FORGE/TruthLens Scholar引文聚类快照可见2/2项筛查完成；不代表版本聚类之外的所有引文。
CIT-EVOLVEREASON-FORWARD-20261010,EVOLVEREASON-ARXIV-2603.07515,Google Scholar Cited by: EvolveReason (arXiv:2603.07515),Cited-by page cites=10243874660509166242; one visible result card screened.,1,1,True,True,,1,1,Scholar citation-cluster snapshot only; citation indexing/version clustering may be incomplete.,当前快照1/1项为ForensicZoom；其身份、全文核读和优先级已存在，新增引文边T24并复用，不新增候选论文。,"https://scholar.google.com/scholar?cites=10243874660509166242&as_sdt=2005&sciodt=0,5&hl=zh-CN",,仅该EvolveReason Scholar Cited-by当前可见快照1条完成筛查，不代表所有版本或全部前向引用穷尽。
CIT-DDL-FORWARD-20261010,DDL-IEEE-TIFS-2025-10937201,Google Scholar Cited by: DDL: Effective and Comprehensible Interpretation Framework for Diverse Deepfake Detectors,"Scholar cluster cites=16521641073605396586; pages start=0,10,20 (10+10+1 cards); all cards screened individually in T25.",3,21,True,True,,21,21,Scholar citation cluster may omit versions/unindexed citing works. IEEE Xplore page separately reports 13 Cites in Papers; database scopes differ.,Google Scholar当前21/21可见引文位置筛查完毕；多数是检测模型/综述/噪声。两篇广域综述作为引文追踪入口新增到90；Tyagi书籍与PDF版本合并。Scholar显示21，IEEE页面显示13，保留数据库口径差异，不合并计数。见T25。,"https://scholar.google.com/scholar?cites=16521641073605396586&as_sdt=2005&sciodt=0,5&hl=zh-CN",,仅当前Google Scholar DDL引文簇快照21项完成逐条题录初筛；不等于完整前向引文或主题穷尽。
