position,title,metadata,url,screen_decision,screen_reason,query,source_page_url
1,FakeBench: Probing Explainable Fake Image Detection via Large Multimodal Models,"Y Li et al.; IEEE TIFS, 2025",https://ieeexplore.ieee.org/abstract/document/11124461/,直接相关：复用已核,图像伪造解释基准，完整性是可见摘要中的解释评价维度；全文既有核读复用。,"(""image forgery"" OR ""image manipulation"" OR ""image tampering"") (explanation OR attribution OR saliency) (sufficiency OR comprehensiveness OR completeness)","https://scholar.google.com/scholar?q=%28%22image+forgery%22+OR+%22image+manipulation%22+OR+%22image+tampering%22%29+%28explanation+OR+attribution+OR+saliency%29+%28sufficiency+OR+comprehensiveness+OR+completeness%29&hl=zh-CN&as_sdt=0,5"
2,ForenX: Towards Explainable AI-Generated Image Detection with Multimodal Large Language Models,"C Tan et al.; arXiv:2508.01402, 2025",https://arxiv.org/abs/2508.01402,直接相关候选：复用已有条目,20名用户评价准确性、相关性、合理性、完整性等维度；已在旧候选中出现，复用。,"(""image forgery"" OR ""image manipulation"" OR ""image tampering"") (explanation OR attribution OR saliency) (sufficiency OR comprehensiveness OR completeness)","https://scholar.google.com/scholar?q=%28%22image+forgery%22+OR+%22image+manipulation%22+OR+%22image+tampering%22%29+%28explanation+OR+attribution+OR+saliency%29+%28sufficiency+OR+comprehensiveness+OR+completeness%29&hl=zh-CN&as_sdt=0,5"
3,Beyond Accuracy: Auditing Image Forgery Localization via Scene-Disjoint Evaluation and XAI Faithfulness,"S Aoudi et al.; IEEE Access, 2026",https://ieeexplore.ieee.org/abstract/document/11471733/,直接相关：复用已核,静态图像伪造定位faithfulness研究，已有原文核读。,"(""image forgery"" OR ""image manipulation"" OR ""image tampering"") (explanation OR attribution OR saliency) (sufficiency OR comprehensiveness OR completeness)","https://scholar.google.com/scholar?q=%28%22image+forgery%22+OR+%22image+manipulation%22+OR+%22image+tampering%22%29+%28explanation+OR+attribution+OR+saliency%29+%28sufficiency+OR+comprehensiveness+OR+completeness%29&hl=zh-CN&as_sdt=0,5"
4,INSIGHT: An Interpretable Neural Vision-Language Framework for Reasoning of Generative Artifacts,"A Bagaria; arXiv:2511.22351, 2025",https://arxiv.org/abs/2511.22351,直接相关候选：复用已有条目,AIGI解释事实性/幻觉与稳健性研究，已登记候选。,"(""image forgery"" OR ""image manipulation"" OR ""image tampering"") (explanation OR attribution OR saliency) (sufficiency OR comprehensiveness OR completeness)","https://scholar.google.com/scholar?q=%28%22image+forgery%22+OR+%22image+manipulation%22+OR+%22image+tampering%22%29+%28explanation+OR+attribution+OR+saliency%29+%28sufficiency+OR+comprehensiveness+OR+completeness%29&hl=zh-CN&as_sdt=0,5"
5,"ManipShield: A Unified Framework for Image Manipulation Detection, Localization and Explanation","Z Xu et al.; arXiv:2511.14259, 2025",https://arxiv.org/abs/2511.14259,直接相关候选：待核原稿/复用题名,静态篡改检测定位与解释直接候选；查询发现，需查版本是否已收录并核解释评价。,"(""image forgery"" OR ""image manipulation"" OR ""image tampering"") (explanation OR attribution OR saliency) (sufficiency OR comprehensiveness OR completeness)","https://scholar.google.com/scholar?q=%28%22image+forgery%22+OR+%22image+manipulation%22+OR+%22image+tampering%22%29+%28explanation+OR+attribution+OR+saliency%29+%28sufficiency+OR+comprehensiveness+OR+completeness%29&hl=zh-CN&as_sdt=0,5"
6,Semantic Attention and Progressive Training for Image Authenticity Assessment and Tampered Region Highlighting,"Y Ren et al.; Information Sciences, 2026",https://www.sciencedirect.com/science/article/pii/S0020025526006304,待核低优先：篡改区域高亮,检测/区域高亮，当前片段未见解释可靠性测试；此前在causal query记录为待核候选。,"(""image forgery"" OR ""image manipulation"" OR ""image tampering"") (explanation OR attribution OR saliency) (sufficiency OR comprehensiveness OR completeness)","https://scholar.google.com/scholar?q=%28%22image+forgery%22+OR+%22image+manipulation%22+OR+%22image+tampering%22%29+%28explanation+OR+attribution+OR+saliency%29+%28sufficiency+OR+comprehensiveness+OR+completeness%29&hl=zh-CN&as_sdt=0,5"
7,Explainable Multi-Granularity Attribution Reasoning Framework for Fake News Detection,"W Ji et al.; npj Artificial Intelligence, 2026",https://www.nature.com/articles/s44387-026-00093-3,排除：新闻多模态任务,图像篡改只作虚假新闻线索模块，主体是新闻归因，不是图像鉴伪解释可靠性。,"(""image forgery"" OR ""image manipulation"" OR ""image tampering"") (explanation OR attribution OR saliency) (sufficiency OR comprehensiveness OR completeness)","https://scholar.google.com/scholar?q=%28%22image+forgery%22+OR+%22image+manipulation%22+OR+%22image+tampering%22%29+%28explanation+OR+attribution+OR+saliency%29+%28sufficiency+OR+comprehensiveness+OR+completeness%29&hl=zh-CN&as_sdt=0,5"
8,Explainable Deepfake Detection with Feature-Robust Augmentation and Evidence-Grounded Explanation Optimization,"Z Xu et al.; arXiv:2608.20913, 2026",https://arxiv.org/abs/2608.20913,直接相关：复用已核,解释grounding、准确性/完整性评估，已在核心表复核。,"(""image forgery"" OR ""image manipulation"" OR ""image tampering"") (explanation OR attribution OR saliency) (sufficiency OR comprehensiveness OR completeness)","https://scholar.google.com/scholar?q=%28%22image+forgery%22+OR+%22image+manipulation%22+OR+%22image+tampering%22%29+%28explanation+OR+attribution+OR+saliency%29+%28sufficiency+OR+comprehensiveness+OR+completeness%29&hl=zh-CN&as_sdt=0,5"
9,Boosting Non-Causal Semantic Elimination: An Unconventional Harnessing of LVM for Open-World Deepfake Interpretation,"Z Li et al.; ACM MM, 2024",https://dl.acm.org/doi/10.1145/3664647.3680737,邻接：深伪解释机制,提出非因果语义消除的深伪解释，非图像编辑取证解释的faithfulness评估；按视频/通用深伪邻接筛选。,"(""image forgery"" OR ""image manipulation"" OR ""image tampering"") (explanation OR attribution OR saliency) (sufficiency OR comprehensiveness OR completeness)","https://scholar.google.com/scholar?q=%28%22image+forgery%22+OR+%22image+manipulation%22+OR+%22image+tampering%22%29+%28explanation+OR+attribution+OR+saliency%29+%28sufficiency+OR+comprehensiveness+OR+completeness%29&hl=zh-CN&as_sdt=0,5"
10,Towards Human Explainable Digital Forensics Generating Human Interpretable Evidence for Semantic Understanding in Manipulated Images and Text,"Y Chen; dissertation, 2025",https://scholar.google.com/scholar?q=%22Towards+Human+Explainable+Digital+Forensics%22,直接相关邻接：学位论文候选,题名涉及操纵图像的可理解取证证据；来源摘要不显示解释可靠性实证，需核全文/版本。,"(""image forgery"" OR ""image manipulation"" OR ""image tampering"") (explanation OR attribution OR saliency) (sufficiency OR comprehensiveness OR completeness)","https://scholar.google.com/scholar?q=%28%22image+forgery%22+OR+%22image+manipulation%22+OR+%22image+tampering%22%29+%28explanation+OR+attribution+OR+saliency%29+%28sufficiency+OR+comprehensiveness+OR+completeness%29&hl=zh-CN&as_sdt=0,5"
