route_id,scholar_cited_by_cluster,page_start,position_on_page,result_position,title,metadata_visible,source_url,screen_decision,screen_reason,identity_dedup_note
CIT-DDL-FORWARD-20261010,16521641073605396586,0,1,1,"DeepFake detection in the AIGC era: A survey, benchmarks, and future perspectives","S Xie, T Qiao, S Li, X Zhang, J Zhou, G Feng — Information Fusion, 2025",https://www.sciencedirect.com/science/article/pii/S1566253525008024,领域综述/引文地图邻接,深伪检测与基准综述可能拓展系统性引文图；本条仅凭题录/摘要筛查，非解释可靠性实证。,Tyagi PDF/book records merged as one work; all other positions retained as separate citations pending identity resolution.
CIT-DDL-FORWARD-20261010,16521641073605396586,0,2,2,Deepfake detection via feature refinement and enhancement network,"W Song, S Guo, M Gao, Q Li, X Zhu, I Rida — Image and Vision Computing, 2025",https://www.sciencedirect.com/science/article/pii/S0262885625002513,检测方法邻接,面向人脸深伪检测的特征增强网络；可作检测背景，但可见摘要未显示解释生成或效度评价。,Tyagi PDF/book records merged as one work; all other positions retained as separate citations pending identity resolution.
CIT-DDL-FORWARD-20261010,16521641073605396586,0,3,3,Zero-shot visual deepfake detection: can ai predict and prevent fake content before it is created?,"A Sar, S Roy, T Choudhury, A Abraham — Foundations and Trends…, 2026; exact series name truncated on Scholar",https://www.emerald.com/ftsig/article/19/3/212/1334939,领域综述/背景邻接,Scholar将其列为综述/长篇综述，主题是视觉深伪预防与检测；未显示解释可靠性评测，版本与内容须另核。,Tyagi PDF/book records merged as one work; all other positions retained as separate citations pending identity resolution.
CIT-DDL-FORWARD-20261010,16521641073605396586,0,4,4,"A decade of deepfake research in the generative AI era, 2014–2024: A bibliometric analysis","B Acim, M Boukhlif, H Ouhnni, N Kharmoum, S Ziti — Publications, 2025",https://www.mdpi.com/2304-6775/13/4/50,范围相关但非实证,计量分析研究领域发展，不评价取证解释质量；仅保留引文图谱记录。,Tyagi PDF/book records merged as one work; all other positions retained as separate citations pending identity resolution.
CIT-DDL-FORWARD-20261010,16521641073605396586,0,5,5,数据要素流通全流程隐私关键技术：现状、挑战与展望,"刘立伟等 — 软件学报, 2026",https://sciengine.com/sci-open/api/v1/open/file/pdf/AD4DC68279D84E27988070DBCC406339,排除：主题无关,数据流通隐私技术综述，与图像鉴伪解释可靠性无实质关联。,Tyagi PDF/book records merged as one work; all other positions retained as separate citations pending identity resolution.
CIT-DDL-FORWARD-20261010,16521641073605396586,0,6,6,ArabiDeepfake: a multi-domain Arabic deepfake-text dataset and cross-domain detection benchmark,"A Sunba, T Helmy — Neural Computing and Applications, 2026",https://link.springer.com/article/10.1007/s00521-026-12372-w,排除：文本深伪,对象为阿拉伯语深伪文本数据/检测，不是视觉图像鉴伪解释。,Tyagi PDF/book records merged as one work; all other positions retained as separate citations pending identity resolution.
CIT-DDL-FORWARD-20261010,16521641073605396586,0,7,7,DFPD: Dual-forgery proactive defense against both deepfakes and traditional image manipulations,"B Chen, Y Hong, Z Li, Z Fu — ACM conference proceedings, 2025",https://dl.acm.org/doi/10.1145/3746027.3755768,图像鉴伪邻接,覆盖面部伪造与传统图像操作防御，但可见摘要关注主动防御/检测，无解释可靠性终点。,Tyagi PDF/book records merged as one work; all other positions retained as separate citations pending identity resolution.
CIT-DDL-FORWARD-20261010,16521641073605396586,0,8,8,AdaParse: Personalized Fingerprinting for Visual Generative Model Reverse Engineering,"Y Zheng, Z Li, B Yu, J Zhou, J Lu — IEEE, 2026",https://ieeexplore.ieee.org/abstract/document/11422036/,排除：生成模型归因,研究视觉生成模型反向识别/指纹，不是鉴伪判定或解释可靠性。,Tyagi PDF/book records merged as one work; all other positions retained as separate citations pending identity resolution.
CIT-DDL-FORWARD-20261010,16521641073605396586,0,9,9,Enhanced deepfake detection via dynamic data augmentation and spatiotemporal attention,"T Zhang, G Li, Y Xiao, H Tian, Y Cao — The Visual Computer, 2026",https://link.springer.com/article/10.1007/s00371-025-04199-8,检测方法邻接,摘要指向时空注意力检测器，未显示可解释输出或解释效度评价。,Tyagi PDF/book records merged as one work; all other positions retained as separate citations pending identity resolution.
CIT-DDL-FORWARD-20261010,16521641073605396586,0,10,10,A Comprehensive Survey of Deepfake Identification & Localization Methods in Images and Videos,"M P Sonawane, U Gogate — IEEE conference, 2026",https://ieeexplore.ieee.org/abstract/document/11437497/,图像/视频鉴伪综述邻接,覆盖图像识别和定位，适合作为任务/数据集引文入口；题录摘要未证明涉及解释可靠性实证。,Tyagi PDF/book records merged as one work; all other positions retained as separate citations pending identity resolution.
CIT-DDL-FORWARD-20261010,16521641073605396586,10,1,11,FALCON-Net: Feature Aggregation of Local Patterns for AI-Generated Image Detection,"D Zhang, M Hu, J Chen, C Chen et al. — IEEE Transactions, 2026",https://ieeexplore.ieee.org/abstract/document/11480185/,图像检测方法邻接,AIGC图像检测模型，Scholar摘要未显示解释测量；可用于检测器背景，不计解释可靠性实证。,Tyagi PDF/book records merged as one work; all other positions retained as separate citations pending identity resolution.
CIT-DDL-FORWARD-20261010,16521641073605396586,10,2,12,DroPTC: Sentence-level drone flight log forensics using contrastive learning and explainable AI,"S Silalahi, T Ahmad, H Studiawan et al. — Forensic Science International: Digital Investigation, 2026",https://www.sciencedirect.com/science/article/pii/S2666281726000089,排除：数字文本取证,解释对象为无人机飞行日志句子/数字痕迹，不是图像鉴伪。,Tyagi PDF/book records merged as one work; all other positions retained as separate citations pending identity resolution.
CIT-DDL-FORWARD-20261010,16521641073605396586,10,3,13,Wtmsa-net: Wavelet transform-based multi-stage attention network for deepfake detection,"Z Chen, L Wang, H Shi, S Zhang, H Liu — Pattern Analysis and Applications, 2026",https://link.springer.com/article/10.1007/s10044-026-01752-6,检测方法邻接,小波/多阶段注意力检测网络；注意力机制本身不构成解释可靠性评估。,Tyagi PDF/book records merged as one work; all other positions retained as separate citations pending identity resolution.
CIT-DDL-FORWARD-20261010,16521641073605396586,10,4,14,Architecture-Adaptive Uncertainty Fusion for Deepfake Detection,"R Sharma, M Ghasemigol, Y Motai — arXiv:2606.06666, 2026",https://arxiv.org/abs/2606.06666,预测不确定性邻接,研究深伪检测预测不确定性融合，与系统可靠性相关；可见摘要不涉及解释忠实度或解释的人类效用。,Tyagi PDF/book records merged as one work; all other positions retained as separate citations pending identity resolution.
CIT-DDL-FORWARD-20261010,16521641073605396586,10,5,15,OmniFD: A Unified Model for Versatile Face Forgery Detection,"H Liu, H Chen, C Pan, Y Hu, G Zhao, X Li — arXiv:2512.01128, 2025",https://arxiv.org/abs/2512.01128,检测/定位方法邻接,统一人脸伪造检测、定位等任务；可见摘要未显示对解释的生成或效度测量。,Tyagi PDF/book records merged as one work; all other positions retained as separate citations pending identity resolution.
CIT-DDL-FORWARD-20261010,16521641073605396586,10,6,16,"Explainable AI for Cyberscam Prevention: A Survey of Multimodal Scam Detection, Evaluation, and Human-Centered Training","H An, H Salemi, Q Zhang, H Purohit et al. — SSRN, 2026; no abstract_id visible",https://papers.ssrn.com/sol3/papers.cfm,排除：网络诈骗XAI综述,核心对象为多模态诈骗识别与培训，不是图像鉴伪解释；SSRN ID未在Scholar卡片显示，题录定位不足。,Tyagi PDF/book records merged as one work; all other positions retained as separate citations pending identity resolution.
CIT-DDL-FORWARD-20261010,16521641073605396586,10,7,17,Temporal Artifact Analysis for AI-Generated Video Detection Using Hybrid CNN-LSTM Architecture,"D Vijayakumar, P Karunakaran et al. — IEEE conference, 2026",https://ieeexplore.ieee.org/abstract/document/11469605/,视频检测邻接,视频时序伪迹检测；可见摘要未显示解释输出或解释效度。,Tyagi PDF/book records merged as one work; all other positions retained as separate citations pending identity resolution.
CIT-DDL-FORWARD-20261010,16521641073605396586,10,8,18,Rethinking Data Composition for Generalizable Deepfake Detection,"Y Liu, J U Jiang — IEEE conference, 2026",https://ieeexplore.ieee.org/abstract/document/11619428/,泛化检测邻接,研究数据组合与未见伪造泛化，未显示解释或解释可靠性终点。,Tyagi PDF/book records merged as one work; all other positions retained as separate citations pending identity resolution.
CIT-DDL-FORWARD-20261010,16521641073605396586,10,9,19,"Digital Image Forgery Detection: Techniques, Challenges and Applications","V Tyagi — Springer book, 2026",https://link.springer.com/book/10.1007/978-981-95-3004-5,传统鉴伪背景邻接,图像伪造检测专题书可提供任务背景，但题录/摘要未涉及模型解释可靠性。,Tyagi PDF/book records merged as one work; all other positions retained as separate citations pending identity resolution.
CIT-DDL-FORWARD-20261010,16521641073605396586,10,10,20,Digital Image Forgery Detection,"V Tyagi — Springer, 2026",https://link.springer.com/content/pdf/10.1007/978-981-95-3004-5.pdf,重复版本/书目簇合并,与前一条同DOI/ISBN书籍的PDF版本，按同一作品合并；不重复计数。,Tyagi PDF/book records merged as one work; all other positions retained as separate citations pending identity resolution.
CIT-DDL-FORWARD-20261010,16521641073605396586,20,1,21,Component-Aware Spatio-Temporal Adaptation of Frozen Foundation Models for Video Deepfake Detection,"T Zhang, M Liang, G Zhu, W Liu, C Fu — ICIC 2026 poster/open access",https://poster-openaccess.com/files/icic2026/poster%20I/4477/4477.pdf,视频检测方法邻接,冻结基础模型的视频伪造检测/时空适配，题录摘要未显示解释可靠性测量。,Tyagi PDF/book records merged as one work; all other positions retained as separate citations pending identity resolution.
