route_id,reference_no,cited_work,authors_venue_visible,topic_class,screen_reason,primary_reference_list
CIT-DDL-REFS-20261010,1,Denoising diffusion probabilistic models,"J Ho, A Jain, P Abbeel — NeurIPS, 2020",生成模型背景,扩散生成模型基础文献，不是鉴伪或解释评价。,https://ieeexplore.ieee.org/document/10937201/references#references
CIT-DDL-REFS-20261010,2,Generative adversarial networks,"I J Goodfellow — Communications of the ACM, 2020",生成模型背景,GAN生成模型基础文献，不涉及鉴伪解释可靠性。,https://ieeexplore.ieee.org/document/10937201/references#references
CIT-DDL-REFS-20261010,3,Auto-encoding variational Bayes,"D P Kingma, M Welling — arXiv:1312.6114, 2013",生成模型背景,变分自编码方法，作为模型背景引用。,https://ieeexplore.ieee.org/document/10937201/references#references
CIT-DDL-REFS-20261010,4,Deepfakes and beyond: A survey of face manipulation and fake detection,"R Tolosana et al. — Information Fusion 64, 131–148, 2020",深伪鉴伪综述/引文入口,面部操纵与伪造检测核心综述；可回溯数据集、任务与解释相关论文，但其自身不是解释可靠性实证。,https://ieeexplore.ieee.org/document/10937201/references#references
CIT-DDL-REFS-20261010,5,"DeepFakes: A review on technologies, applications and strategies","K S Kaswan et al. — PEEIC, 2023",深伪综述邻接,广泛综述技术与应用，适合作为背景引文线索，解释可靠性范围未明。,https://ieeexplore.ieee.org/document/10937201/references#references
CIT-DDL-REFS-20261010,6,FaceForensics++: Learning to detect manipulated facial images,"A Rössler et al. — ICCV, 2019",数据集/检测基准,经典人脸操纵数据集与检测基准，不是解释可靠性研究。,https://ieeexplore.ieee.org/document/10937201/references#references
CIT-DDL-REFS-20261010,7,UCF: Uncovering common features for generalizable deepfake detection,"Z Yan, Y Zhang, Y Fan, B Wu — ICCV, 2023",检测泛化方法,深伪检测泛化特征方法，未在题录中涉及解释。,https://ieeexplore.ieee.org/document/10937201/references#references
CIT-DDL-REFS-20261010,8,Thinking in frequency: Face forgery detection by mining frequency-aware clues,"Y Qian et al. — ECCV, 2020",检测机制背景,频域人脸伪造检测方法；可用于解释对象/检测器背景，不是解释验证。,https://ieeexplore.ieee.org/document/10937201/references#references
CIT-DDL-REFS-20261010,9,AltFreezing for more general video face forgery detection,"Z Wang et al. — CVPR, 2023",视频检测方法,视频人脸伪造检测模型，非静态图像解释可靠性研究。,https://ieeexplore.ieee.org/document/10937201/references#references
CIT-DDL-REFS-20261010,10,Dropout: A simple way to prevent neural networks from overfitting,"N Srivastava et al. — JMLR, 2014",通用机器学习方法,正则化基础文献，与解释/鉴伪可靠性无直接关系。,https://ieeexplore.ieee.org/document/10937201/references#references
CIT-DDL-REFS-20261010,11,Deep learning: A statistical viewpoint,"P L Bartlett, A Montanari, A Rakhlin — Acta Numerica, 2021",通用理论背景,深度学习统计理论，与本主题无直接实证关系。,https://ieeexplore.ieee.org/document/10937201/references#references
CIT-DDL-REFS-20261010,12,Why should I trust you? Explaining the predictions of any classifier,"M T Ribeiro, S Singh, C Guestrin — KDD, 2016",通用局部解释方法,LIME基础工作；解释可信/局部代理方法学背景，不在深伪鉴伪场景中验证。,https://ieeexplore.ieee.org/document/10937201/references#references
CIT-DDL-REFS-20261010,13,A unified approach to interpreting model predictions,"S M Lundberg, S-I Lee — NeurIPS, 2017",通用归因方法,SHAP基础工作；方法学背景，非鉴伪解释效度实证。,https://ieeexplore.ieee.org/document/10937201/references#references
CIT-DDL-REFS-20261010,14,Interpretable explanations of black boxes by meaningful perturbation,"R C Fong, A Vedaldi — ICCV, 2017",解释干预/faithfulness方法基础,基于有意义输入扰动解释黑盒，是因果/忠实性评估的重要方法学入口；本篇本身不是深伪应用研究。,https://ieeexplore.ieee.org/document/10937201/references#references
CIT-DDL-REFS-20261010,15,Learning deep features for discriminative localization,"B Zhou et al. — CVPR, 2016",通用定位机制,CAM类定位基础，不等于定位图对模型预测具有因果faithfulness。,https://ieeexplore.ieee.org/document/10937201/references#references
CIT-DDL-REFS-20261010,16,Grad-CAM: Visual explanations from deep networks via gradient-based localization,"R R Selvaraju et al. — ICCV, 2017",通用可视化解释,Grad-CAM基础工作；解释生成方法，不是其在鉴伪领域的可靠性验证。,https://ieeexplore.ieee.org/document/10937201/references#references
CIT-DDL-REFS-20261010,17,Grad-CAM++: Generalized gradient-based visual explanations for deep convolutional networks,"A Chattopadhay et al. — WACV, 2018",通用可视化解释,Grad-CAM++解释生成方法，不是独立解释忠实性/正确性检验。,https://ieeexplore.ieee.org/document/10937201/references#references
CIT-DDL-REFS-20261010,18,Axiomatic attribution for deep networks,"M Sundararajan, A Taly, Q Yan — ICML, 2017",通用归因方法,Integrated Gradients基础方法，作为解释方法学引用。,https://ieeexplore.ieee.org/document/10937201/references#references
CIT-DDL-REFS-20261010,19,XRAI: Better attributions through regions,"A Kapishnikov et al. — ICCV, 2019",区域归因方法,区域归因生成方法，与区域解释相关；不能据方法本身推断解释真实或忠实。,https://ieeexplore.ieee.org/document/10937201/references#references
CIT-DDL-REFS-20261010,20,Xception: Deep learning with depthwise separable convolutions,"F Chollet — CVPR, 2017",模型骨干,检测器架构/骨干网络背景。,https://ieeexplore.ieee.org/document/10937201/references#references
CIT-DDL-REFS-20261010,21,Exposing DeepFake videos by detecting face warping artifacts,"Y Li, S Lyu — arXiv:1811.00656, 2018",早期深伪检测方法,视频人脸变形伪迹检测，不是解释质量评价。,https://ieeexplore.ieee.org/document/10937201/references#references
CIT-DDL-REFS-20261010,22,CORE: Consistent representation learning for face forgery detection,"Y Ni et al. — CVPR Workshops, 2022",检测表示学习,人脸伪造检测表征方法，题录未显示解释评价。,https://ieeexplore.ieee.org/document/10937201/references#references
CIT-DDL-REFS-20261010,23,Face X-ray for more general face forgery detection,"L Li — CVPR, 2020",检测/伪迹定位方法,通过边界伪迹提升人脸伪造检测；不是自然语言解释可靠性评估。,https://ieeexplore.ieee.org/document/10937201/references#references
CIT-DDL-REFS-20261010,24,Deep high-resolution representation learning for visual recognition,"J Wang — IEEE TPAMI, 2020",模型骨干,高分辨率视觉表示模型背景。,https://ieeexplore.ieee.org/document/10937201/references#references
CIT-DDL-REFS-20261010,25,FakeLocator: Robust localization of GAN-based face manipulations,"Y Huang et al. — IEEE TIFS, 2022",伪造定位邻接,鲁棒人脸操纵定位方法，与区域证据相关；定位质量不等于解释忠实性。,https://ieeexplore.ieee.org/document/10937201/references#references
CIT-DDL-REFS-20261010,26,Deep residual learning for image recognition,"K He et al. — CVPR, 2016",模型骨干,ResNet基础架构，不是鉴伪解释研究。,https://ieeexplore.ieee.org/document/10937201/references#references
CIT-DDL-REFS-20261010,27,F2Trans: High-frequency fine-grained transformer for face forgery detection,"C Miao et al. — IEEE TIFS, 2023",检测方法,高频人脸伪造检测模型，未体现解释效度终点。,https://ieeexplore.ieee.org/document/10937201/references#references
CIT-DDL-REFS-20261010,28,Spatial-phase shallow learning: Rethinking face forgery detection in frequency domain,"H Liu — CVPR, 2021",检测方法,频域浅层深伪检测，作为模型背景。,https://ieeexplore.ieee.org/document/10937201/references#references
CIT-DDL-REFS-20261010,29,"Quo vadis, action recognition? A new model and the kinetics dataset","J Carreira, A Zisserman — CVPR, 2017",视频架构/数据集背景,通用动作识别架构与数据集，非解释可靠性。,https://ieeexplore.ieee.org/document/10937201/references#references
CIT-DDL-REFS-20261010,30,Understanding the security of deepfake detection,"X Cao, N Z Gong — ICDFCC, 2022",深伪安全/鲁棒性邻接,直接讨论深伪检测安全性，可提供攻击/威胁模型引文；未必评价解释，需按独立原文核验。,https://ieeexplore.ieee.org/document/10937201/references#references
CIT-DDL-REFS-20261010,31,Exposing vulnerabilities of deepfake detection systems with robust attacks,"S Hussain — Digital Threats: Research and Practice, 2022",检测鲁棒性邻接,对深伪检测器的稳健攻击/脆弱性分析，关联检测可靠性但非解释faithfulness。,https://ieeexplore.ieee.org/document/10937201/references#references
CIT-DDL-REFS-20261010,32,Adversarial threats to DeepFake detection: A practical perspective,"P Neekhara et al. — CVPR Workshops, 2021",检测鲁棒性综述/威胁模型,深伪检测对抗威胁的实践分析；解释输出效度未由题录证实。,https://ieeexplore.ieee.org/document/10937201/references#references
CIT-DDL-REFS-20261010,33,Adversarial perturbations fool deepfake detectors,"A Gandhi, S Jain — IJCNN, 2020",检测鲁棒性邻接,对抗扰动攻击深伪检测器，说明预测脆弱性；不直接研究解释可靠性。,https://ieeexplore.ieee.org/document/10937201/references#references
CIT-DDL-REFS-20261010,34,A residual fingerprint-based defense against adversarial deepfakes,"J Jiang — HPCC/DSS/SmartCity/DependSys, 2021",防御方法邻接,对抗深伪防御，不是解释评价。,https://ieeexplore.ieee.org/document/10937201/references#references
CIT-DDL-REFS-20261010,35,Mitigating adversarial attacks in deepfake detection: An exploration of perturbation and AI techniques,"S Dhesi et al. — arXiv:2302.11704, 2023",鲁棒性方法邻接,对抗攻击缓解方法，题名未表明解释faithfulness评测。,https://ieeexplore.ieee.org/document/10937201/references#references
CIT-DDL-REFS-20261010,36,XAI-based detection of adversarial attacks on deepfake detectors,"B Pinhasov et al. — arXiv:2403.02955, 2024",强邻接：XAI与深伪检测攻击检测,直接组合XAI与深伪检测器攻击检测，值得全文核验其解释在攻击检测中的角色、评价真值及稳健性；不预设其测量取证解释质量。,https://ieeexplore.ieee.org/document/10937201/references#references
CIT-DDL-REFS-20261010,37,RISE: Randomized input sampling for explanation of black-box models,"V Petsiuk, A Das, K Saenko — arXiv:1806.07421, 2018",通用随机化解释方法,随机遮挡采样产生显著性图，方法学邻接；需与sanity/干预有效性区分。,https://ieeexplore.ieee.org/document/10937201/references#references
CIT-DDL-REFS-20261010,38,Deepfakes Github (faceswap),"Deepfakes project — GitHub, accessed 2024",工具/软件背景,人脸交换软件实现，不是学术解释可靠性研究。,https://ieeexplore.ieee.org/document/10937201/references#references
CIT-DDL-REFS-20261010,39,Face Parsing,"zllrunning — GitHub, accessed 2024",分割工具背景,人脸解析工具，被用于解释可读性/分割环节；工具引用本身不构成验证证据。,https://ieeexplore.ieee.org/document/10937201/references#references
CIT-DDL-REFS-20261010,40,BiSeNet v2: Bilateral network with guided aggregation for real-time semantic segmentation,"C Yu et al. — IJCV, 2021",分割架构,语义分割骨干/工具背景，非鉴伪解释评价。,https://ieeexplore.ieee.org/document/10937201/references#references
CIT-DDL-REFS-20261010,41,Visualizing the impact of feature attribution baselines,"P Sturmfels, S Lundberg, S-I Lee — Distill, 2020",强方法邻接：归因基线敏感性,展示归因结果对baseline选择的敏感性，是解释稳健性/评价设计方法学入口；不属于深伪应用。,https://ieeexplore.ieee.org/document/10937201/references#references
CIT-DDL-REFS-20261010,42,SLIC superpixels compared to state-of-the-art superpixel methods,"R Achanta et al. — IEEE TPAMI, 2012",分割/超像素工具,超像素分割方法，可支撑扰动/区域划分工具，但本身不测解释可靠性。,https://ieeexplore.ieee.org/document/10937201/references#references
CIT-DDL-REFS-20261010,43,Faceswap Github,"Marek Kowalski — GitHub, accessed 2024",工具/软件背景,换脸工具实现，不是解释可靠性研究。,https://ieeexplore.ieee.org/document/10937201/references#references
CIT-DDL-REFS-20261010,44,Face2Face: Real-time face capture and reenactment of RGB videos,"J Thies et al. — CVPR, 2016",伪造生成技术背景,实时面部重演/生成技术，不是检测或解释可靠性评估。,https://ieeexplore.ieee.org/document/10937201/references#references
CIT-DDL-REFS-20261010,45,Deferred neural rendering: Image synthesis using neural textures,"J Thies, M Zollhöfer, M Nießner — ACM TOG, 2019",生成技术背景,神经纹理图像合成方法背景。,https://ieeexplore.ieee.org/document/10937201/references#references
CIT-DDL-REFS-20261010,46,Celeb-DF: A large-scale challenging dataset for DeepFake forensics,"Y Li et al. — CVPR, 2020",数据集/基准,深伪取证数据集，支持检测评估背景，不是解释评价。,https://ieeexplore.ieee.org/document/10937201/references#references
CIT-DDL-REFS-20261010,47,DeeperForensics-1.0: A large-scale dataset for real-world face forgery detection,"L Jiang et al. — CVPR, 2020",数据集/基准,真实场景人脸伪造数据集，非解释效度研究。,https://ieeexplore.ieee.org/document/10937201/references#references
CIT-DDL-REFS-20261010,48,Transcending forgery specificity with latent space augmentation for generalizable deepfake detection,"Z Yan et al. — CVPR, 2024",检测泛化方法,跨伪造泛化检测方法，无可见解释评价线索。,https://ieeexplore.ieee.org/document/10937201/references#references
CIT-DDL-REFS-20261010,49,Generalizing face forgery detection with high-frequency features,"Y Luo et al. — CVPR, 2021",检测泛化方法,高频特征泛化检测方法，非解释可靠性。,https://ieeexplore.ieee.org/document/10937201/references#references
CIT-DDL-REFS-20261010,50,TALL: Thumbnail layout for deepfake video detection,"Y Xu et al. — ICCV, 2023",视频检测方法,视频深伪检测输入布局方法，不涉及静态图像解释评价。,https://ieeexplore.ieee.org/document/10937201/references#references
CIT-DDL-REFS-20261010,51,Swin Transformer: Hierarchical vision transformer using shifted windows,"Z Liu et al. — ICCV, 2021",模型骨干,通用视觉Transformer架构背景。,https://ieeexplore.ieee.org/document/10937201/references#references
CIT-DDL-REFS-20261010,52,DeepfakeBench: A comprehensive benchmark of deepfake detection,"Z Yan et al. — NeurIPS, 2023",检测基准/可靠性背景,标准化检测基准适合作为评估方法与检测稳定性追踪入口；题名/引用不能证明解释质量指标。,https://ieeexplore.ieee.org/document/10937201/references#references
