route_id,scholar_cited_by_cluster,page_start,position_on_page,result_position,title,metadata_visible,source_url,screen_decision,screen_reason,identity_dedup_note
CIT-PINHASOV-FORWARD-20261010,14861955642867421187,0,1,1,"Potential of artificial intelligence in deepfake media: From generation to detection mechanisms, state-of-the-art, and challenges","S Sharma, A Selwal — Computer Science Review, 2026 - Elsevier",https://www.sciencedirect.com/science/article/pii/S157401372500142X,综述/背景邻接,范围覆盖深伪生成与检测综述；可作为前向引文地图，但当前题录摘要未显示解释质量或解释可靠性评价。,已对照90/172/72：复用既有身份者不重复加入候选/核读；书目位置仍逐条保留。
CIT-PINHASOV-FORWARD-20261010,14861955642867421187,0,2,2,GenAI mirage: The impostor bias and the deepfake detection challenge in the era of artificial illusions,"M Casu, L Guarnera, P Caponnetto, S Battiato — Forensic Science International: Digital Investigation, 2024",https://www.sciencedirect.com/science/article/pii/S2666281724001197,人类取证判断可靠性邻接,讨论确认/锚定/后见偏差及对合成媒体真实性的系统性怀疑；对鉴伪判断与信任背景相关，但不研究XAI解释或解释faithfulness。,已对照90/172/72：复用既有身份者不重复加入候选/核读；书目位置仍逐条保留。
CIT-PINHASOV-FORWARD-20261010,14861955642867421187,0,3,3,"From prediction to explanation: Multimodal, explainable, and interactive deepfake detection framework for non-expert users","S Tariq et al. — ACM Multimedia, 2025",https://dl.acm.org/doi/abs/10.1145/3746027.3755786,强相关邻接；既有身份复用,此前90、172、72已有同一论文；复用六名非专家主观可用性评价记录，不重复全文核读。,已对照90/172/72：复用既有身份者不重复加入候选/核读；书目位置仍逐条保留。
CIT-PINHASOV-FORWARD-20261010,14861955642867421187,0,4,4,SAGA: Source attribution of generative AI videos,"R Kundu et al. — CVPR, 2026",https://openaccess.thecvf.com/content/CVPR2026/html/Kundu_SAGA_Source_Attribution_of_Generative_AI_Videos_CVPR_2026_paper.html,视频来源归因邻接,研究生成视频来源归属而非图像鉴伪解释可靠性；可作为来源追溯背景，当前摘要未显示解释faithfulness验证。,已对照90/172/72：复用既有身份者不重复加入候选/核读；书目位置仍逐条保留。
CIT-PINHASOV-FORWARD-20261010,14861955642867421187,0,5,5,DDL: Effective and comprehensible interpretation framework for diverse deepfake detectors,"Z Sun, N Ruan, J Li — IEEE TIFS, 2025",https://ieeexplore.ieee.org/abstract/document/10937201/,强相关邻接；既有身份复用,该种子论文及其引文链已记录在T25/T26；本条是新的引文位置，不增加论文身份或重复核读。,已对照90/172/72：复用既有身份者不重复加入候选/核读；书目位置仍逐条保留。
CIT-PINHASOV-FORWARD-20261010,14861955642867421187,0,6,6,Unmasking synthetic realities in generative AI: A comprehensive review of adversarially robust deepfake detection systems,"N Khan et al. — arXiv:2507.21157, 2025",https://arxiv.org/abs/2507.21157,鲁棒性综述邻接；既有身份复用,90已有同一题名记录；综述主要针对检测系统对抗鲁棒性，当前卡片未指向解释效度验证。,已对照90/172/72：复用既有身份者不重复加入候选/核读；书目位置仍逐条保留。
CIT-PINHASOV-FORWARD-20261010,14861955642867421187,0,7,7,Adversarial and generative AI-based anti-forensics in audio-visual deepfake detection: A comprehensive review and analysis,"Q U Ain et al. — Information Fusion, 2026 - Elsevier",https://www.sciencedirect.com/science/article/pii/S1566253525011820,反取证综述邻接,聚焦音视频检测的对抗与反取证；与解释攻击面相邻，但当前题录没有解释正确性/faithfulness评测。,已对照90/172/72：复用既有身份者不重复加入候选/核读；书目位置仍逐条保留。
CIT-PINHASOV-FORWARD-20261010,14861955642867421187,0,8,8,On the robustness of Kolmogorov-Arnold networks: An adversarial perspective,"T Alter, R Lapid, M Sipper — arXiv:2408.13809, 2024",https://arxiv.org/abs/2408.13809,跨领域方法噪声,研究KAN分类模型一般对抗鲁棒性，未见图像鉴伪或解释可靠性任务。,已对照90/172/72：复用既有身份者不重复加入候选/核读；书目位置仍逐条保留。
CIT-PINHASOV-FORWARD-20261010,14861955642867421187,0,9,9,Toward Robust Deepfake Defense: A Review of Deepfake Detection and Prevention Techniques in Images,"A Abdel-Wahab, M Alkhatib — Computers, Materials & Continua, 2025",https://www.techscience.com/cmc/v89n1/68372/html,检测防御综述邻接,图像深伪检测/防御综述，与鉴伪背景相关；卡片未显示解释质量效度评价。,已对照90/172/72：复用既有身份者不重复加入候选/核读；书目位置仍逐条保留。
CIT-PINHASOV-FORWARD-20261010,14861955642867421187,0,10,10,Robust deepfake detection by addressing generalization and trustworthiness challenges: A short survey,"P Liu, Q Tao, J Zhou — ACM Multimedia Workshop, 2024",https://dl.acm.org/doi/abs/10.1145/3689090.3689386,可信检测综述邻接,主题包含鲁棒性与可信度，但为短综述，当前可见摘要没有可独立核实的解释可靠性实验。,已对照90/172/72：复用既有身份者不重复加入候选/核读；书目位置仍逐条保留。
CIT-PINHASOV-FORWARD-20261010,14861955642867421187,10,1,11,"Don't lag, RAG: Training-free adversarial detection using RAG","R Kazoom, R Lapid, M Sipper — IEEE International Conference, 2026",https://ieeexplore.ieee.org/abstract/document/11630204/,通用对抗检测邻接,检测视觉模型的对抗patch；未见深伪解释评估，属于作者方法线索而非本题直接证据。,已对照90/172/72：复用既有身份者不重复加入候选/核读；书目位置仍逐条保留。
CIT-PINHASOV-FORWARD-20261010,14861955642867421187,10,2,12,Adversarial Attacks on Deepfake Detectors: A Challenge in the Era of AI-Generated Media (AADD-2025),"S Battiato et al. — ACM Multimedia, 2025",https://dl.acm.org/doi/abs/10.1145/3746027.3761983,深伪对抗鲁棒性邻接,提出深伪检测对抗挑战；当前摘要聚焦攻击与检测，不显示解释faithfulness评测。,已对照90/172/72：复用既有身份者不重复加入候选/核读；书目位置仍逐条保留。
CIT-PINHASOV-FORWARD-20261010,14861955642867421187,10,3,13,Pulling back the curtain: Unsupervised adversarial detection via contrastive auxiliary networks,"E Mizrahi, R Lapid, M Sipper — IEEE/CVF ICCV, 2025",https://arxiv.org/abs/2502.09110,通用对抗检测邻接,研究通用对抗样本检测，非图像取证解释可靠性；仅保留为作者/方法引文线索。,已对照90/172/72：复用既有身份者不重复加入候选/核读；书目位置仍逐条保留。
CIT-PINHASOV-FORWARD-20261010,14861955642867421187,10,4,14,"Deepfake detection: A review of audio, visual and multimodal techniques","R Kanwal et al. — Applied Soft Computing, 2026",https://www.sciencedirect.com/science/article/pii/S1568494626012937,检测综述邻接,综述音频、视觉和多模态检测方法；当前卡片没有解释正确性或人类依赖评估。,已对照90/172/72：复用既有身份者不重复加入候选/核读；书目位置仍逐条保留。
CIT-PINHASOV-FORWARD-20261010,14861955642867421187,10,5,15,"Fortify the guardian, not the treasure: Resilient adversarial detectors","R Lapid, A Dubin, M Sipper — Mathematics, 2024",https://www.mdpi.com/2227-7390/12/22/3451,通用对抗检测邻接,面向对抗检测器鲁棒性；不是鉴伪解释可靠性研究，作为种子作者的防御方法背景。,已对照90/172/72：复用既有身份者不重复加入候选/核读；书目位置仍逐条保留。
CIT-PINHASOV-FORWARD-20261010,14861955642867421187,10,6,16,A destructive active defense algorithm for deepfake face images,"Y Yang et al. — PeerJ Computer Science, 2024",https://peerj.com/articles/cs-2356/,深伪防御背景,主动防御深伪脸图像，不产生或评价解释。,已对照90/172/72：复用既有身份者不重复加入候选/核读；书目位置仍逐条保留。
CIT-PINHASOV-FORWARD-20261010,14861955642867421187,10,7,17,Performance Evaluation of NIST-Standardized Post-Quantum and Symmetric Ciphers for Mitigating Deepfakes,"M Alkhatib — Cryptography, 2026",https://www.mdpi.com/2410-387X/10/2/15,排除：密码学性能评估,加密算法缓解深伪传播，不研究模型解释或鉴伪可靠性。,已对照90/172/72：复用既有身份者不重复加入候选/核读；书目位置仍逐条保留。
CIT-PINHASOV-FORWARD-20261010,14861955642867421187,10,8,18,Explainable AI for deepfake detection: strategies to mitigate bias and enhance trustworthiness,"N M Thankachan et al. — International Journal of Artificial Intelligence and Soft Computing, 2025, 9(2):164–177; DOI 10.1504/IJAISC.2025.149623",https://www.inderscience.com/info/e_inarticle.php?artid=149623,解释公平性/偏差邻接候选,出版商摘要称以LIME/SHAP讨论深伪检测数据与算法偏差及缓解；需核全文以判断是否有操作化偏差指标或效度实验，不能仅凭trustworthiness标题视为可靠性证据。,已对照90/172/72：复用既有身份者不重复加入候选/核读；书目位置仍逐条保留。
CIT-PINHASOV-FORWARD-20261010,14861955642867421187,10,9,19,FRoCL: Robust Continual Defense against Deepfakes in Facial Identification Systems,"F Khalid et al. — IEEE Transactions, 2026",https://ieeexplore.ieee.org/abstract/document/11370946/,人脸识别防御邻接,研究人脸识别系统对深伪的持续鲁棒防御，不涉及解释效度。,已对照90/172/72：复用既有身份者不重复加入候选/核读；书目位置仍逐条保留。
CIT-PINHASOV-FORWARD-20261010,14861955642867421187,10,10,20,ADUX: Improving Adversarial Attack Detection in UAV Networks Using XAI,"D Gupta, S Gupta — Arabian Journal for Science and Engineering, 2026",https://link.springer.com/article/10.1007/s13369-026-11493-7,排除：非图像鉴伪应用,XAI用于无人机网络对抗检测，不属于媒介鉴伪。,已对照90/172/72：复用既有身份者不重复加入候选/核读；书目位置仍逐条保留。
CIT-PINHASOV-FORWARD-20261010,14861955642867421187,20,1,21,JECA²: Judgment-Explanation Consistent Adversarial Attack against Forensic Vision-Language Models,"J Qian — arXiv:2605.28609, 2026",https://arxiv.org/abs/2605.28609,直接核心；既有身份复用,90、172、72已记录同一作品，已读原文；本引文位复用既有身份与构念边界。,已对照90/172/72：复用既有身份者不重复加入候选/核读；书目位置仍逐条保留。
CIT-PINHASOV-FORWARD-20261010,14861955642867421187,20,2,22,Explainable Artificial Intelligence in Malware Analysis and Forensics,"AS Alshraá et al. — Wiley book chapter, 2026",https://onlinelibrary.wiley.com/doi/abs/10.1002/9781394305612.ch16,排除：网络/恶意软件取证,虽涉及XAI与forensics，但研究对象为恶意软件而非图像/媒体鉴伪。,已对照90/172/72：复用既有身份者不重复加入候选/核读；书目位置仍逐条保留。
CIT-PINHASOV-FORWARD-20261010,14861955642867421187,20,3,23,"Recent Trends, Innovation, and Future Perspectives in Explainable AI Defense Mechanisms","AD Nagne et al. — Wiley book chapter, 2026",https://onlinelibrary.wiley.com/doi/pdf/10.1002/9781394305612.ch9,通用XAI防御综述邻接,XAI防御机制的一般综述，当前摘要没有图像鉴伪解释可靠性证据。,已对照90/172/72：复用既有身份者不重复加入候选/核读；书目位置仍逐条保留。
CIT-PINHASOV-FORWARD-20261010,14861955642867421187,20,4,24,"A Comprehensive Survey of Deepfake Detection Methods, Datasets, and Future Directions","P Doke et al. — IEEE conference proceedings, 2025",https://ieeexplore.ieee.org/abstract/document/11378238/,检测综述邻接,系统综述检测方法与数据集；未显示XAI或解释可靠性评价。,已对照90/172/72：复用既有身份者不重复加入候选/核读；书目位置仍逐条保留。
CIT-PINHASOV-FORWARD-20261010,14861955642867421187,20,5,25,"A Comprehensive Survey on Explainable Deepfake Detection: Techniques, Challenges, and Future Directions","K Patel, M Sutariya, P Parmar — IEEE conference listing, 2025 (Scholar metadata)",https://ieeexplore.ieee.org/abstract/document/11203639/,直接主题综述候选；题录级待核,题名直接覆盖可解释深伪检测，值得补查全文与可靠性评价维度；IEEE页面本轮无法由Web缓存打开，当前只依据Scholar题录/摘要，未计为效度实证。,已对照90/172/72：复用既有身份者不重复加入候选/核读；书目位置仍逐条保留。
CIT-PINHASOV-FORWARD-20261010,14861955642867421187,20,6,26,"Quantitative Dissection of Spatial, Temporal, and Frequency Features in Deepfake Detection","Y Tiwari et al. — IEEE conference proceedings, 2025",https://ieeexplore.ieee.org/abstract/document/11166815/,检测特征可解释性邻接,分析深伪检测特征层级，可能提供模型使用线索；当前题录不显示对解释映射可靠性的评价。,已对照90/172/72：复用既有身份者不重复加入候选/核读；书目位置仍逐条保留。
CIT-PINHASOV-FORWARD-20261010,14861955642867421187,20,7,27,Statistical Feature-Based Detection of Adversarial Noise and Patch Attacks in Image and Deepfake Analysis,"N Bunzel et al. — Springer chapter, 2026",https://link.springer.com/chapter/10.1007/978-3-031-99447-0_14,图像/深伪安全邻接,研究对抗噪声和patch检测，不显示解释可靠性构念。,已对照90/172/72：复用既有身份者不重复加入候选/核读；书目位置仍逐条保留。
CIT-PINHASOV-FORWARD-20261010,14861955642867421187,20,8,28,"Deepfake Detection Beyond Benchmark Accuracy: Generalization, Robustness, and Reproducibility","M Xu et al. — preprints.org, 2026",,深伪检测稳健性邻接；既有身份复用,90已有该题名；关注泛化、鲁棒性和可复现性，未显示解释评价，不重复新增候选。,已对照90/172/72：复用既有身份者不重复加入候选/核读；书目位置仍逐条保留。
CIT-PINHASOV-FORWARD-20261010,14861955642867421187,20,9,29,Explainable AI for Time Series: A Systematic Review of Robust and Efficient Detection of Stealthy Adversarial Attacks,"MH Kalam, G Poravi — Springer, 2025",,排除：非图像领域,应用对象为时间序列对抗检测，非视觉取证。,已对照90/172/72：复用既有身份者不重复加入候选/核读；书目位置仍逐条保留。
CIT-PINHASOV-FORWARD-20261010,14861955642867421187,20,10,30,Enhanced Images Deepfake Detection Using YOLOv8 with MTCNN Face Extraction Method for High-Accuracy Classification,"SA Mahmood — Mustansiriyah Journal, 2025",,检测方法背景,题录聚焦检测准确率和人脸裁剪，没有解释输出或可靠性评价。,已对照90/172/72：复用既有身份者不重复加入候选/核读；书目位置仍逐条保留。
CIT-PINHASOV-FORWARD-20261010,14861955642867421187,30,1,31,Image and Deepfake Analysis,"N Bunzel et al. — Springer book chapter, 2026",https://books.google.com/books?hl=zh-CN&lr=&id=Uva0EQAAQBAJ&oi=fnd&pg=PA195,重复书目版本；复用第27项身份,Scholar将同一章节索引为书籍章节版本；作为独立引文位置保留，但论文身份并入第27项，不重复计为新作品。,已对照90/172/72：复用既有身份者不重复加入候选/核读；书目位置仍逐条保留。
CIT-PINHASOV-FORWARD-20261010,14861955642867421187,30,2,32,Building Trust in Deepfake Detection: Insight into Adversarial and Anti-forensic Attacks and Defensive Strategies,"H Ilyas et al. — SSRN, 2025",https://papers.ssrn.com/sol3/papers.cfm?abstract_id=5820502,安全/反取证综述邻接,讨论检测系统攻击与防御；题录未显示解释可靠性评测。与第36项可能是同一论文不同版本，身份待核，先保留位置。,已对照90/172/72：复用既有身份者不重复加入候选/核读；书目位置仍逐条保留。
CIT-PINHASOV-FORWARD-20261010,14861955642867421187,30,3,33,Generative AI and the challenge of deepfake detection: a comparative study of AI and human accuracy,"V Dharia, A Bhuva — IET Conference Proceedings CP967, 2025",https://digital-library.theiet.org/doi/abs/10.1049/icp.2025.4791,人机判断可靠性邻接,比较人类与AI检测准确率，涉及人工判断可靠性；当前摘要未显示解释或人机依赖操纵。,已对照90/172/72：复用既有身份者不重复加入候选/核读；书目位置仍逐条保留。
CIT-PINHASOV-FORWARD-20261010,14861955642867421187,30,4,34,AI-driven threats and countermeasures: Securing the information space against synthetic media and deepfakes,"QA Al-Haija — Combating Misinformation in the Age of Generative AI, 2025",https://doi.org/10.1201/9781003626558-6,综合背景章节,广泛讨论合成媒体威胁和反制措施；当前引文卡片未显示解释可靠性研究。,已对照90/172/72：复用既有身份者不重复加入候选/核读；书目位置仍逐条保留。
CIT-PINHASOV-FORWARD-20261010,14861955642867421187,30,5,35,Research trend analysis on adversarial attack detection utilizing XAI,"AY Jeon, YJ Lee, IG Lee — Annual Conference, 2024",,通用XAI对抗检测趋势分析,分析XAI用于对抗攻击检测的研究趋势；未见图像鉴伪解释效度实验，留作方法线索而非核心文献。,已对照90/172/72：复用既有身份者不重复加入候选/核读；书目位置仍逐条保留。
CIT-PINHASOV-FORWARD-20261010,14861955642867421187,30,6,36,Building trust in deepfake detection: A survey of adversarial and anti-forensic attacks and defensive strategies,H Ilyas et al. — 2024 (Scholar metadata),,综述/版本关系待核,题名与第32项SSR N版本主题高度重叠，可能是同一作品早期版本；未取得可区分标识，先按位置保留并作为待核身份线索，不新增第二个独立候选。,已对照90/172/72：复用既有身份者不重复加入候选/核读；书目位置仍逐条保留。
