route_id,result_position,page_start,title_as_displayed,visible_metadata,card_url,topic_decision,itemwise_screen_reason,scholar_page_url,identity_or_dedup_note
CIT-TAMAM-CITEDBY-20261010,1,0,Adversarial attacks and defenses in explainable artificial intelligence: A survey,"H Baniecki, P Biecek — Information Fusion, 2024",https://www.sciencedirect.com/science/article/pii/S1566253524000812,跨域XAI攻击/防御综述；90既有候选复用,梳理解释攻击与防御，方法论相关；不含图像鉴伪专门评价。该作品已在90记录，引用位置保留但不重复加候选。,"https://scholar.google.com/scholar?cites=3776028939479434688&as_sdt=2005&sciodt=0,5&hl=zh-CN",As stated in the itemwise decision/reason.
CIT-TAMAM-CITEDBY-20261010,2,0,Adversarial attacks in explainable machine learning: A survey of threats against models and humans,"J Vadillo, R Santana, J A Lozano — WIREs Data Mining and Knowledge Discovery 15(1), e1567, 2025 (first online 2024)",https://wires.onlinelibrary.wiley.com/doi/10.1002/widm.1567,跨域XAI攻击、人类评估框架综述；新方法学邻接,提出解释攻击情境下同时考虑输入、预测、解释及人类评价的框架；对取证解释威胁建模有用，但不是图像鉴伪实证。官方全文/摘要已核。,"https://scholar.google.com/scholar?cites=3776028939479434688&as_sdt=2005&sciodt=0,5&hl=zh-CN",As stated in the itemwise decision/reason.
CIT-TAMAM-CITEDBY-20261010,3,0,Open sesame! Universal black-box jailbreaking of large language models,"R Lapid, R Langberg, M Sipper — Applied Sciences, 2024",https://www.mdpi.com/2076-3417/14/16/7150,LLM越狱；排除,针对语言模型安全与对齐，不评价图像解释或媒体鉴伪。,"https://scholar.google.com/scholar?cites=3776028939479434688&as_sdt=2005&sciodt=0,5&hl=zh-CN",As stated in the itemwise decision/reason.
CIT-TAMAM-CITEDBY-20261010,4,0,Evolutionary computation and explainable AI: A roadmap to understandable intelligent systems,"R Zhou et al. — IEEE Transactions on Evolutionary Computation, 29(5), 2025; DOI 10.1109/TEVC.2024.3476443 (first published 2024)",https://ieeexplore.ieee.org/document/10730793/,一般XAI方法综述；低优先背景,综述进化计算与XAI方法及未来问题，覆盖范围宽；未在图像鉴伪中测解释可靠性。官方IEEE摘要核对。,"https://scholar.google.com/scholar?cites=3776028939479434688&as_sdt=2005&sciodt=0,5&hl=zh-CN",As stated in the itemwise decision/reason.
CIT-TAMAM-CITEDBY-20261010,5,0,Evaluating the robustness of explainable AI in medical image recognition under natural and adversarial data corruption,"S Repetto et al. — Machine Learning 115, 4, 2026; DOI 10.1007/s10994-025-06919-6",https://link.springer.com/article/10.1007/s10994-025-06919-6,跨域图像XAI稳健性实证邻接,三类医学影像数据、八个模型和十种解释方法；测试自然噪声与保持预测不变的对抗解释扰动，直接测解释稳定性但任务非鉴伪。官方开放全文已核。,"https://scholar.google.com/scholar?cites=3776028939479434688&as_sdt=2005&sciodt=0,5&hl=zh-CN",As stated in the itemwise decision/reason.
CIT-TAMAM-CITEDBY-20261010,6,0,SoK: Explainable machine learning in adversarial environments,"M Noppel, C Wressnegger — IEEE Symposium on Security and Privacy, 2024; DOI 10.1109/SP54263.2024.00021",https://ieeexplore.ieee.org/abstract/document/10646794/,跨域XAI对抗脆弱性系统化综述/分类,系统整理post-hoc解释攻击、稳健性层级和防御；对解释鲁棒性构念有较高方法价值，但没有鉴伪解释实验。IEEE官方摘要核对。,"https://scholar.google.com/scholar?cites=3776028939479434688&as_sdt=2005&sciodt=0,5&hl=zh-CN",As stated in the itemwise decision/reason.
CIT-TAMAM-CITEDBY-20261010,7,0,XAI-based detection of adversarial attacks on deepfake detectors,"B Pinhasov et al. — arXiv:2403.02955, 2024",https://arxiv.org/abs/2403.02955,鉴伪检测器攻击检测；旧候选/全文记录复用,论文使用解释图作为检测对抗攻击的输入特征，不评价解释本身的faithfulness。已在90/172及T27/T28中核读/登记，本位置只记身份复用。,"https://scholar.google.com/scholar?cites=3776028939479434688&as_sdt=2005&sciodt=0,5&hl=zh-CN",As stated in the itemwise decision/reason.
CIT-TAMAM-CITEDBY-20261010,8,0,On the robustness of kolmogorov-arnold networks: An adversarial perspective,"T Alter, R Lapid, M Sipper — arXiv:2408.13809, 2024",https://arxiv.org/abs/2408.13809,KAN分类器对抗鲁棒性；排除,焦点是模型预测的对抗鲁棒性，Scholar摘要未显示解释评价。,"https://scholar.google.com/scholar?cites=3776028939479434688&as_sdt=2005&sciodt=0,5&hl=zh-CN",As stated in the itemwise decision/reason.
CIT-TAMAM-CITEDBY-20261010,9,0,Evolutionary approaches to explainable machine learning,"R Zhou, T Hu — Handbook of Evolutionary Machine Learning, Springer, 2023, pp. 487–506; DOI 10.1007/978-981-99-3814-8_16",https://link.springer.com/chapter/10.1007/978-981-99-3814-8_16,一般XAI方法章节；低优先背景,概述进化计算与可解释机器学习，不是媒体取证或解释可靠性评测。官方书目核实。,"https://scholar.google.com/scholar?cites=3776028939479434688&as_sdt=2005&sciodt=0,5&hl=zh-CN",As stated in the itemwise decision/reason.
CIT-TAMAM-CITEDBY-20261010,10,0,I see dead people: Gray-box adversarial attack on image-to-text models,"R Lapid, M Sipper — ECML PKDD workshop/book chapter, 2023",https://link.springer.com/chapter/10.1007/978-3-031-74643-7_21,通用图像转文本攻击；排除,研究视觉语言生成模型攻击，不是鉴伪解释的可靠性验证。,"https://scholar.google.com/scholar?cites=3776028939479434688&as_sdt=2005&sciodt=0,5&hl=zh-CN",As stated in the itemwise decision/reason.
CIT-TAMAM-CITEDBY-20261010,11,10,"Don't lag, RAG: Training-free adversarial detection using RAG","R Kazoom, R Lapid, M Sipper — IEEE International Conference, 2026",https://ieeexplore.ieee.org/abstract/document/11630204/,视觉对抗样本检测；排除,RAG用于发现图像模型的对抗补丁；并未研究解释输出或鉴伪理由效度。,"https://scholar.google.com/scholar?cites=3776028939479434688&as_sdt=2005&sciodt=0,5&hl=zh-CN&start=10",As stated in the itemwise decision/reason.
CIT-TAMAM-CITEDBY-20261010,12,10,Patch of invisibility: Naturalistic black-box adversarial attacks on object detectors,"R Lapid, M Sipper — arXiv:2303.04238; Springer chapter, 2024",https://link.springer.com/chapter/10.1007/978-3-032-25314-9_9,通用目标检测器攻击；排除,物理/自然式目标检测攻击，非图像鉴伪或XAI解释评测。Scholar第2页两个记录映射同一作品，版本合并。,"https://scholar.google.com/scholar?cites=3776028939479434688&as_sdt=2005&sciodt=0,5&hl=zh-CN&start=10",As stated in the itemwise decision/reason.
CIT-TAMAM-CITEDBY-20261010,13,10,Pulling back the curtain: Unsupervised adversarial detection via contrastive auxiliary networks,"E Mizrahi, R Lapid, M Sipper — IEEE/CVF conference, 2025",https://arxiv.org/abs/2502.09110,通用对抗样本检测；排除,检测对抗输入，不评价解释图稳定性、证据接地或事实性。,"https://scholar.google.com/scholar?cites=3776028939479434688&as_sdt=2005&sciodt=0,5&hl=zh-CN&start=10",As stated in the itemwise decision/reason.
CIT-TAMAM-CITEDBY-20261010,14,10,Patch of invisibility: Naturalistic physical black-box adversarial attacks on object detectors,"R Lapid, E Mizrahi, M Sipper — Springer chapter, 2024",https://link.springer.com/chapter/10.1007/978-3-032-25314-9_9,同#12版本记录；重复位置合并身份,与Scholar首/次页arXiv记录为同一Patch of Invisibility作品，保留引文位置，不重复加文献身份。,"https://scholar.google.com/scholar?cites=3776028939479434688&as_sdt=2005&sciodt=0,5&hl=zh-CN&start=10",As stated in the itemwise decision/reason.
CIT-TAMAM-CITEDBY-20261010,15,10,"Fortify the guardian, not the treasure: Resilient adversarial detectors","R Lapid, A Dubin, M Sipper — Mathematics, 2024",https://www.mdpi.com/2227-7390/12/22/3451,对抗检测器鲁棒性；排除,主题是对抗检测器的适应性鲁棒性而不是解释可靠性。,"https://scholar.google.com/scholar?cites=3776028939479434688&as_sdt=2005&sciodt=0,5&hl=zh-CN&start=10",As stated in the itemwise decision/reason.
CIT-TAMAM-CITEDBY-20261010,16,10,When Explanations Deceive: Understanding Unintentional and Intentional Deception in XAI,"S Tekkesinoglu — ACM FAccT, 2026; DOI 10.1145/3805689.3812351",https://dl.acm.org/doi/10.1145/3805689.3812351,人因/误导性XAI概念框架邻接,提出技术限制、人类认知和组织因素共同导致解释误导的分类；与信任/依赖风险相关，但不是图像鉴伪实证研究。当前可见ACM书目信息与作者稿摘要核对。,"https://scholar.google.com/scholar?cites=3776028939479434688&as_sdt=2005&sciodt=0,5&hl=zh-CN&start=10",As stated in the itemwise decision/reason.
CIT-TAMAM-CITEDBY-20261010,17,10,An ensemble framework to enhance the robustness of explanations,"Y Meng, W Huang, X Miao, X Kong, F Zhang — Neurocomputing, 2026, 135080; DOI 10.1016/j.neucom.2026.135080",https://www.sciencedirect.com/science/article/pii/S0925231226024781,跨域视觉XAI对抗稳健性方法实证邻接,EDHRM以Hessian平滑及集成差异降低CIFAR/TinyImageNet/ImageNet上的解释攻击迁移并保持准确率；不含取证或深伪数据，属方法学邻接。出版社摘要核对。,"https://scholar.google.com/scholar?cites=3776028939479434688&as_sdt=2005&sciodt=0,5&hl=zh-CN&start=10",As stated in the itemwise decision/reason.
CIT-TAMAM-CITEDBY-20261010,18,10,Are classification robustness and explanation robustness really strongly correlated? An analysis through input loss landscape,"T Chen, W Huang, L Pang, D Luo, H Wei — arXiv:2403.06013; ACM KDD Explorations, 2025",https://arxiv.org/abs/2403.06013,图像解释鲁棒性构念与模型鲁棒性关系；高方法邻接,在图像分类saliency攻击框架中检验解释鲁棒性与预测鲁棒性并不必然相关；直接支持不能用分类准确鲁棒性替代解释可靠性，但非鉴伪任务。arXiv/ACM摘要及论文PDF核对。,"https://scholar.google.com/scholar?cites=3776028939479434688&as_sdt=2005&sciodt=0,5&hl=zh-CN&start=10",As stated in the itemwise decision/reason.
CIT-TAMAM-CITEDBY-20261010,19,10,An Evolutionary Algorithm for Black-Box Adversarial Attack Against Explainable Methods,"P N Williams, J Schrouff, L Goetz — Transactions on Machine Learning Research, 2025",https://openreview.net/forum?id=MlUP5Euj6S,跨域黑盒XAI攻击实证邻接,对多种解释方法开发黑盒进化攻击，目标是揭示解释图可操纵性；非鉴伪场景，未见取证claim评测。TMLR官方全文/摘要核对。,"https://scholar.google.com/scholar?cites=3776028939479434688&as_sdt=2005&sciodt=0,5&hl=zh-CN&start=10",As stated in the itemwise decision/reason.
CIT-TAMAM-CITEDBY-20261010,20,10,What's in an AI's Mind's Eye? We Must Know,"M Sipper, R Lapid — IEEE Computer, 2024; Scholar also links TechRxiv preprint",https://ieeexplore.ieee.org/abstract/document/10574445/,解释/可理解性观点及小实验；低优先邻接,短篇观点强调可解释性并报告小实验；题录/摘要未显示图像鉴伪或解释忠实性量化。,"https://scholar.google.com/scholar?cites=3776028939479434688&as_sdt=2005&sciodt=0,5&hl=zh-CN&start=10",As stated in the itemwise decision/reason.
CIT-TAMAM-CITEDBY-20261010,21,20,Self-Composing Policies for Scalable Continual Reinforcement Learning,"J Vadillo, R Santana, J A Lozano — Scholar record with conflicting title/snippet; 2025",https://bird.bcamath.org/handle/20.500.11824/2043,Scholar标题/摘要元数据碰撞；不计为新作品,结果标题指持续强化学习，但摘要内容与XAI攻击综述一致且PDF链接落在该综述仓储记录；保留可见位置并标为Scholar元数据错误，不以标题创建候选。,"https://scholar.google.com/scholar?cites=3776028939479434688&as_sdt=2005&sciodt=0,5&hl=zh-CN&start=20",As stated in the itemwise decision/reason.
CIT-TAMAM-CITEDBY-20261010,22,20,Enhancing Defence Mechanisms Against Adversarial Attacks in Deep Learning Models,"M Tan, H Bakır, M Zontul — 2025; ResearchGate visible record",https://www.researchgate.net/profile/Muhammet-Tan-3/publication/396224401_Enhancing_Defence_Mechanisms_Against_Adversarial_Attacks_in_Deep_Learning_Models/,通用深度学习攻击防御；排除,当前题录片段讨论一般DL攻击防护，没有解释评估或鉴伪语境。,"https://scholar.google.com/scholar?cites=3776028939479434688&as_sdt=2005&sciodt=0,5&hl=zh-CN&start=20",As stated in the itemwise decision/reason.
CIT-TAMAM-CITEDBY-20261010,23,20,Bacardit [Scholar card with Evolutionary XAI survey snippet],R Zhou et al. — bibliographic fields malformed in Scholar,https://scholarlypublications.universiteitleiden.nl/access/item:4291374/download,Scholar拼接/题名缺失；疑似XAI roadmap重复元数据,摘要与作者对应Evolutionary Computation and Explainable AI路线图而题名仅显示作者名，按元数据异常位置记录，关联#4身份，不重复创建作品。,"https://scholar.google.com/scholar?cites=3776028939479434688&as_sdt=2005&sciodt=0,5&hl=zh-CN&start=20",As stated in the itemwise decision/reason.
CIT-TAMAM-CITEDBY-20261010,24,20,A Melting Pot of Evolution and Learning,"M Sipper, A Elyasaf, T Halperin, Z Haramaty et al. — Springer chapter, 2024",https://link.springer.com/chapter/10.1007/978-3-031-51014-6_8,进化计算综述；排除,引用内容是进化算法与机器学习交叉综述，非解释可靠性研究。,"https://scholar.google.com/scholar?cites=3776028939479434688&as_sdt=2005&sciodt=0,5&hl=zh-CN&start=20",As stated in the itemwise decision/reason.
