position,seed,reference_title,reference_citation,topic_classification,screening_reason,source_url,screening_level
1,What's Wrong with This Video? Comparing Explainers for Deepfake Detection (arXiv:2105.05902v1),Mesonet: a compact facial video forgery detection network,D Afchar et al.; WIFS 2018,面部视频鉴伪检测背景,检测网络，无解释或解释可靠性评价。,https://arxiv.org/pdf/2105.05902,reference-title/topic screening; not full-text review of every cited work
2,What's Wrong with This Video? Comparing Explainers for Deepfake Detection (arXiv:2105.05902v1),Protecting world leaders against deep fakes,S Agarwal et al.; CVPR Workshops 2019,深伪风险/检测背景,应用与检测背景，不评价模型解释。,https://arxiv.org/pdf/2105.05902,reference-title/topic screening; not full-text review of every cited work
3,What's Wrong with This Video? Comparing Explainers for Deepfake Detection (arXiv:2105.05902v1),On pixel-wise explanations for non-linear classifier decisions by layer-wise relevance propagation,S Bach et al.; PLOS ONE 2015,通用视觉解释方法,LRP方法基础；不含图像鉴伪实验或可靠性验证。,https://arxiv.org/pdf/2105.05902,reference-title/topic screening; not full-text review of every cited work
4,What's Wrong with This Video? Comparing Explainers for Deepfake Detection (arXiv:2105.05902v1),BlazeFace: Sub-millisecond neural face detection on mobile GPUs,V Bazarevsky et al.; 2019,人脸检测工具,用于裁脸的检测器，不是媒体鉴伪或解释研究。,https://arxiv.org/pdf/2105.05902,reference-title/topic screening; not full-text review of every cited work
5,What's Wrong with This Video? Comparing Explainers for Deepfake Detection (arXiv:2105.05902v1),Video face manipulation detection through ensemble of CNNs,N Bonettini et al.; ICPR 2020/2021,深伪检测/注意图邻接,检测模型及attention定位背景；注意图不构成独立解释效度评价。,https://arxiv.org/pdf/2105.05902,reference-title/topic screening; not full-text review of every cited work
6,What's Wrong with This Video? Comparing Explainers for Deepfake Detection (arXiv:2105.05902v1),Analysis of Explainers of Black Box Deep Neural Networks for Computer Vision: A Survey,"V Buhrmester, D Münch, M Arens; arXiv:1911.12116 (2019), journal version Machine Learning and Knowledge Extraction 2021, DOI 10.3390/make3040048",通用视觉XAI评价方法邻接,综述视觉黑箱解释器分类、性质、缺陷和研究空白；适合作方法背景，不是鉴伪解释实证。,https://arxiv.org/pdf/2105.05902,reference-title/topic screening; not full-text review of every cited work
7,What's Wrong with This Video? Comparing Explainers for Deepfake Detection (arXiv:2105.05902v1),Albumentations: Fast and Flexible Image Augmentations,A Buslaev et al.; Information 2020,数据增强工具,训练工具引用，不涉及解释。,https://arxiv.org/pdf/2105.05902,reference-title/topic screening; not full-text review of every cited work
8,What's Wrong with This Video? Comparing Explainers for Deepfake Detection (arXiv:2105.05902v1),Deepfakes: How a pervert shook the world,R Chawla; 2019,非学术/风险背景,新闻评论背景，不属于解释评测研究。,https://arxiv.org/pdf/2105.05902,reference-title/topic screening; not full-text review of every cited work
9,What's Wrong with This Video? Comparing Explainers for Deepfake Detection (arXiv:2105.05902v1),Manipulated Face Detector: Joint Spatial and Frequency Domain Attention Network,"Z Chen, H Yang; 2020",人脸操纵检测与注意图邻接,检测与注意区域方法；不能由attention map直接推断faithfulness。,https://arxiv.org/pdf/2105.05902,reference-title/topic screening; not full-text review of every cited work
10,What's Wrong with This Video? Comparing Explainers for Deepfake Detection (arXiv:2105.05902v1),On the Detection of Digital Face Manipulation,H Dang et al.; CVPR 2020,面部操纵检测/定位邻接,检测和局部伪造定位背景，无解释可靠性终点。,https://arxiv.org/pdf/2105.05902,reference-title/topic screening; not full-text review of every cited work
11,What's Wrong with This Video? Comparing Explainers for Deepfake Detection (arXiv:2105.05902v1),The Deepfake Detection Challenge Dataset,B Dolhansky et al.; 2020,视频数据集,数据资源引用，不是解释方法或评价。,https://arxiv.org/pdf/2105.05902,reference-title/topic screening; not full-text review of every cited work
12,What's Wrong with This Video? Comparing Explainers for Deepfake Detection (arXiv:2105.05902v1),"Facial Re-enactment, Speech Synthesis and the Rise of the Deepfake",N Gardiner; 2019,生成技术背景,背景性章节/评论，不是解释可靠性研究。,https://arxiv.org/pdf/2105.05902,reference-title/topic screening; not full-text review of every cited work
13,What's Wrong with This Video? Comparing Explainers for Deepfake Detection (arXiv:2105.05902v1),Deepfake Video Detection Using Recurrent Neural Networks,"D Güera, E J Delp; AVSS 2018",深伪检测背景,检测模型，不含解释评价。,https://arxiv.org/pdf/2105.05902,reference-title/topic screening; not full-text review of every cited work
14,What's Wrong with This Video? Comparing Explainers for Deepfake Detection (arXiv:2105.05902v1),Deepfake Detection by Analyzing Convolutional Traces,"L Guarnera, O Giudice, S Battiato; CVPR Workshops 2020",取证检测背景,卷积痕迹检测方法，无解释可靠性分析。,https://arxiv.org/pdf/2105.05902,reference-title/topic screening; not full-text review of every cited work
15,What's Wrong with This Video? Comparing Explainers for Deepfake Detection (arXiv:2105.05902v1),Squeeze-and-Excitation Networks,"J Hu, L Shen, G Sun; CVPR 2018",网络模块背景,通用架构组件。,https://arxiv.org/pdf/2105.05902,reference-title/topic screening; not full-text review of every cited work
16,What's Wrong with This Video? Comparing Explainers for Deepfake Detection (arXiv:2105.05902v1),Learn to Pay Attention,S Jetley et al.; ICLR 2018,注意力解释方法邻接,提出多层注意力机制；通用方法引用，不提供鉴伪解释效度证据。,https://arxiv.org/pdf/2105.05902,reference-title/topic screening; not full-text review of every cited work
17,What's Wrong with This Video? Comparing Explainers for Deepfake Detection (arXiv:2105.05902v1),Adam: A Method for Stochastic Optimization,"D P Kingma, J Ba; 2014",优化器背景,通用训练算法。,https://arxiv.org/pdf/2105.05902,reference-title/topic screening; not full-text review of every cited work
18,What's Wrong with This Video? Comparing Explainers for Deepfake Detection (arXiv:2105.05902v1),Deepfakes: A New Threat to Face Recognition? Assessment and Detection,"P Korshunov, S Marcel; 2018",人脸识别安全背景,威胁与检测研究，不涉及解释可靠性。,https://arxiv.org/pdf/2105.05902,reference-title/topic screening; not full-text review of every cited work
19,What's Wrong with This Video? Comparing Explainers for Deepfake Detection (arXiv:2105.05902v1),Face X-ray for More General Face Forgery Detection,L Li et al.; CVPR 2020,面部伪造边界定位邻接,利用伪造边界线索检测/定位；不是事后解释效度验证。,https://arxiv.org/pdf/2105.05902,reference-title/topic screening; not full-text review of every cited work
20,What's Wrong with This Video? Comparing Explainers for Deepfake Detection (arXiv:2105.05902v1),In Ictu Oculi: Exposing AI Generated Fake Face Videos by Detecting Eye Blinking,"Y Li, M-C Chang, S Lyu; 2018",伪造检测背景,眨眼特征检测方法，无解释评价。,https://arxiv.org/pdf/2105.05902,reference-title/topic screening; not full-text review of every cited work
21,What's Wrong with This Video? Comparing Explainers for Deepfake Detection (arXiv:2105.05902v1),Exposing Deepfake Videos by Detecting Face Warping Artifacts,"Y Li, S Lyu; 2018/2019",伪造检测背景,人脸变形伪影检测；不评价模型解释。,https://arxiv.org/pdf/2105.05902,reference-title/topic screening; not full-text review of every cited work
22,What's Wrong with This Video? Comparing Explainers for Deepfake Detection (arXiv:2105.05902v1),A Unified Approach to Interpreting Model Predictions,"S M Lundberg, S-I Lee; NeurIPS 2017",通用解释方法,SHAP方法基础；不含鉴伪评价。,https://arxiv.org/pdf/2105.05902,reference-title/topic screening; not full-text review of every cited work
23,What's Wrong with This Video? Comparing Explainers for Deepfake Detection (arXiv:2105.05902v1),Explainable Deep-Fake Detection Using Visual Interpretability Methods,"B Malolan, A Parekh, F Kazi; ICICT 2020, DOI 10.1109/ICICT50521.2020.00051",直接相关的早期深伪视觉解释方法,题名与任务直接相关；解释视觉化不自动构成可信度验证。本研究已有90候选记录，复用身份，不重复建篇。,https://arxiv.org/pdf/2105.05902,reference-title/topic screening; not full-text review of every cited work
24,What's Wrong with This Video? Comparing Explainers for Deepfake Detection (arXiv:2105.05902v1),Exploiting Visual Artifacts to Expose Deepfakes and Face Manipulations,"F Matern, C Riess, M Stamminger; WACVW 2019",伪造检测/伪影定位邻接,识别伪影并辅助暴露伪造，属任务背景；未验证解释与模型决策的因果关系。,https://arxiv.org/pdf/2105.05902,reference-title/topic screening; not full-text review of every cited work
25,What's Wrong with This Video? Comparing Explainers for Deepfake Detection (arXiv:2105.05902v1),Multi-task Learning for Detecting and Segmenting Manipulated Facial Images and Videos,H H Nguyen et al.; 2019,操纵区域分割邻接,监督定位伪造区域；标注分割不是模型解释忠实性的验证。,https://arxiv.org/pdf/2105.05902,reference-title/topic screening; not full-text review of every cited work
26,What's Wrong with This Video? Comparing Explainers for Deepfake Detection (arXiv:2105.05902v1),Capsule-Forensics: Using Capsule Networks to Detect Forged Images and Videos,"H H Nguyen, J Yamagishi, I Echizen; 2019",图像/视频取证检测背景,检测方法，不以解释可靠性为研究终点。,https://arxiv.org/pdf/2105.05902,reference-title/topic screening; not full-text review of every cited work
27,What's Wrong with This Video? Comparing Explainers for Deepfake Detection (arXiv:2105.05902v1),"PyTorch: An Imperative Style, High-Performance Deep Learning Library",A Paszke et al.; NeurIPS 2019,软件工具,实现框架引用。,https://arxiv.org/pdf/2105.05902,reference-title/topic screening; not full-text review of every cited work
28,What's Wrong with This Video? Comparing Explainers for Deepfake Detection (arXiv:2105.05902v1),RISE: Randomized Input Sampling for Explanation of Black-box Models,"V Petsiuk, A Das, K Saenko; BMVC 2018",通用解释方法,RISE方法基础，不是鉴伪可靠性实证。,https://arxiv.org/pdf/2105.05902,reference-title/topic screening; not full-text review of every cited work
29,What's Wrong with This Video? Comparing Explainers for Deepfake Detection (arXiv:2105.05902v1),Why Should I Trust You? Explaining the Predictions of Any Classifier,"M T Ribeiro, S Singh, C Guestrin; KDD 2016",通用解释方法,LIME方法基础，不是鉴伪可靠性实证。,https://arxiv.org/pdf/2105.05902,reference-title/topic screening; not full-text review of every cited work
30,What's Wrong with This Video? Comparing Explainers for Deepfake Detection (arXiv:2105.05902v1),FaceForensics++: Learning to Detect Manipulated Facial Images,A Rössler et al.; ICCV 2019,数据集/检测基准,面部伪造数据与检测基线，不评价解释。,https://arxiv.org/pdf/2105.05902,reference-title/topic screening; not full-text review of every cited work
31,What's Wrong with This Video? Comparing Explainers for Deepfake Detection (arXiv:2105.05902v1),Recurrent Convolutional Strategies for Face Manipulation Detection in Videos,E Sabir et al.; CVPR Workshops 2019,视频伪造检测背景,检测结构，不含解释效度评价。,https://arxiv.org/pdf/2105.05902,reference-title/topic screening; not full-text review of every cited work
32,What's Wrong with This Video? Comparing Explainers for Deepfake Detection (arXiv:2105.05902v1),MobileNetV2: Inverted Residuals and Linear Bottlenecks,M Sandler et al.; CVPR 2018,网络骨干,通用架构引用。,https://arxiv.org/pdf/2105.05902,reference-title/topic screening; not full-text review of every cited work
33,What's Wrong with This Video? Comparing Explainers for Deepfake Detection (arXiv:2105.05902v1),On Evaluating Explainability Algorithms,G K Santhanam et al.; OpenReview/ICLR 2020 submission (bibliography lists 2019),通用解释正确性/一致性评测方法邻接,提出correctness、consistency、confidence指标并评LIME、Grad-CAM、SmoothGrad、Integrated Gradients；ImageNet通用分类设置，非取证实证。,https://arxiv.org/pdf/2105.05902,reference-title/topic screening; not full-text review of every cited work
34,What's Wrong with This Video? Comparing Explainers for Deepfake Detection (arXiv:2105.05902v1),Deepfake Detection (DFDC) Solution,Selimsef; Kaggle solution 2019,竞赛检测实现背景,工程方案引用，无解释评价。,https://arxiv.org/pdf/2105.05902,reference-title/topic screening; not full-text review of every cited work
35,What's Wrong with This Video? Comparing Explainers for Deepfake Detection (arXiv:2105.05902v1),Grad-CAM: Visual Explanations from Deep Networks via Gradient-based Localization,R R Selvaraju et al.; ICCV 2017,通用解释方法,Grad-CAM方法基础，不是鉴伪可靠性证据。,https://arxiv.org/pdf/2105.05902,reference-title/topic screening; not full-text review of every cited work
36,What's Wrong with This Video? Comparing Explainers for Deepfake Detection (arXiv:2105.05902v1),SmoothGrad: Removing Noise by Adding Noise,D Smilkov et al.; 2017,通用解释稳定化方法,通用归因降噪方法；在本文中作方法背景，不代表可靠性验证。,https://arxiv.org/pdf/2105.05902,reference-title/topic screening; not full-text review of every cited work
37,What's Wrong with This Video? Comparing Explainers for Deepfake Detection (arXiv:2105.05902v1),DeFaking Deepfakes: Understanding Journalists’ Needs for Deepfake Detection,S J Sohrawardi et al.; SOUPS 2020 poster/short paper,取证工具需求与人因邻接,官方稿称对11名记者/媒体核验人员进行用户研究，列出准确度、可解释性、时间分布分数和操纵区域可视化需求；研究需求与界面设计，不测解释正确性、信赖校准或appropriate reliance。,https://arxiv.org/pdf/2105.05902,reference-title/topic screening; not full-text review of every cited work
38,What's Wrong with This Video? Comparing Explainers for Deepfake Detection (arXiv:2105.05902v1),EfficientNet: Rethinking Model Scaling for Convolutional Neural Networks,"M Tan, Q V Le; arXiv:1905.11946, 2019",网络骨干,通用检测器架构引用。,https://arxiv.org/pdf/2105.05902,reference-title/topic screening; not full-text review of every cited work
39,What's Wrong with This Video? Comparing Explainers for Deepfake Detection (arXiv:2105.05902v1),Exposing Deep Fakes Using Inconsistent Head Poses,"X Yang, Y Li, S Lyu; ICASSP 2019",伪造检测背景,头姿线索检测方法，无解释评价。,https://arxiv.org/pdf/2105.05902,reference-title/topic screening; not full-text review of every cited work
