result_id,query_id,requested_query,actual_query,page_start,position_on_page,result_position,title,metadata,url,screen_decision,screen_reason,screen_basis,source_page_url,captured_at
V2E-T06-F3-S1-AUTH-GENERATED-CREDIBILITY-20261010-P0-01,T06-F3-S1-AUTH-GENERATED-CREDIBILITY-20261010,image authenticity explanation credibility,image authenticity explanation credibility,0,1,1,"Fake images: The effects of source, intermediary, and digital media literacy on contextual assessment of image credibility online","C Shen, M Kasra, W Pan, GA Bassett et al. — New Media & Society, 2019",https://journals.sagepub.com/doi/abs/10.1177/1461444818799526,人类判断被操纵图像可信度的背景邻接；未研究模型解释,研究用户如何评估在线操纵图像的可信度，和人工媒体鉴别/信任背景相关；没有图像取证模型、模型解释或解释忠实性/正确性评价。,Google Scholar相关搜索建议页首屏可见题名、作者/年份/来源和摘要片段；仅作题录/摘要级逐位置筛查。,"https://scholar.google.com/scholar?hl=zh-CN&as_sdt=0,5&qsp=2&q=image+authenticity+explanation+credibility&qst=bl",2026-10-10T10:59:08+00:00
V2E-T06-F3-S1-AUTH-GENERATED-CREDIBILITY-20261010-P0-02,T06-F3-S1-AUTH-GENERATED-CREDIBILITY-20261010,image authenticity explanation credibility,image authenticity explanation credibility,0,2,2,… brand authenticity on social media: The impact of Instagram ad model genuineness and trustworthiness on perceived brand authenticity and consumer responses,"J Yang, C Teran, AF Battocchio — Journal of Interactive Advertising, 2021",https://www.tandfonline.com/doi/abs/10.1080/15252019.2020.1860168,不相关：广告与品牌真实性,研究社交媒体广告模特的真实性/消费者反应；不是图像伪造取证或模型解释评价。,Google Scholar相关搜索建议页首屏可见题名、作者/年份/来源和摘要片段；仅作题录/摘要级逐位置筛查。,"https://scholar.google.com/scholar?hl=zh-CN&as_sdt=0,5&qsp=2&q=image+authenticity+explanation+credibility&qst=bl",2026-10-10T10:59:08+00:00
V2E-T06-F3-S1-AUTH-GENERATED-CREDIBILITY-20261010-P0-03,T06-F3-S1-AUTH-GENERATED-CREDIBILITY-20261010,image authenticity explanation credibility,image authenticity explanation credibility,0,3,3,Beyond Visual Realism: A Dual-Authenticity Framework for AI-Generated Brand Imagery,"H Jiang — SSRN, 2026",https://papers.ssrn.com/sol3/papers.cfm,邻接但非取证：AI品牌图像的感知真实性/品牌信任,讨论AI生成品牌图像及消费者/品牌真实性概念；没有数字取证模型解释或解释可靠性测量。,Google Scholar相关搜索建议页首屏可见题名、作者/年份/来源和摘要片段；仅作题录/摘要级逐位置筛查。,"https://scholar.google.com/scholar?hl=zh-CN&as_sdt=0,5&qsp=2&q=image+authenticity+explanation+credibility&qst=bl",2026-10-10T10:59:08+00:00
V2E-T06-F3-S1-AUTH-GENERATED-CREDIBILITY-20261010-P0-04,T06-F3-S1-AUTH-GENERATED-CREDIBILITY-20261010,image authenticity explanation credibility,image authenticity explanation credibility,0,4,4,When false is taken for true: AI-generated images are challenging the authenticity perceptions of cultural heritage,"D Luo, Z Chen, W Zhang — Kybernetes, 2026",https://emerald.com/k/article-abstract/doi/10.1108/K-12-2025-3170/1399836,人类判断AI图像真实性的背景邻接；不是XAI效度研究,涉及受众如何感知AI生成文化遗产图像真实性，能提供人类判别/信任背景；没有鉴伪模型解释或其可靠性检验。,Google Scholar相关搜索建议页首屏可见题名、作者/年份/来源和摘要片段；仅作题录/摘要级逐位置筛查。,"https://scholar.google.com/scholar?hl=zh-CN&as_sdt=0,5&qsp=2&q=image+authenticity+explanation+credibility&qst=bl",2026-10-10T10:59:08+00:00
V2E-T06-F3-S1-AUTH-GENERATED-CREDIBILITY-20261010-P0-05,T06-F3-S1-AUTH-GENERATED-CREDIBILITY-20261010,image authenticity explanation credibility,image authenticity explanation credibility,0,5,5,The real campaign: The role of authenticity in the effectiveness of advertising disclaimers in digitally enhanced images,"E Cornelis, PC Peter — Journal of Business Research, 2017",https://www.sciencedirect.com/science/article/pii/S0148296317301066,数字图像披露的人类反应邻接；无取证模型解释,研究广告中数字修饰披露与受众可信度等判断；与人工理解图像修饰提示相关，但不评价模型生成的取证解释。,Google Scholar相关搜索建议页首屏可见题名、作者/年份/来源和摘要片段；仅作题录/摘要级逐位置筛查。,"https://scholar.google.com/scholar?hl=zh-CN&as_sdt=0,5&qsp=2&q=image+authenticity+explanation+credibility&qst=bl",2026-10-10T10:59:08+00:00
V2E-T06-F3-S1-AUTH-GENERATED-CREDIBILITY-20261010-P0-06,T06-F3-S1-AUTH-GENERATED-CREDIBILITY-20261010,image authenticity explanation credibility,image authenticity explanation credibility,0,6,6,"Modeling Consumer Responses to AI-Generated Food Images: The Role of Visual Authenticity, Perceived Risk, and Trust","LN Andini, A Kurniawan — conference proceedings, 2026",https://prosiding.gerakanedukasi.com/index.php/income/article/view/133,不相关：AI食品图像消费/营销信任,题名与摘要聚焦食品营销图像、消费者风险和购买信任，没有图像取证或模型解释。,Google Scholar相关搜索建议页首屏可见题名、作者/年份/来源和摘要片段；仅作题录/摘要级逐位置筛查。,"https://scholar.google.com/scholar?hl=zh-CN&as_sdt=0,5&qsp=2&q=image+authenticity+explanation+credibility&qst=bl",2026-10-10T10:59:08+00:00
V2E-T06-F3-S1-AUTH-GENERATED-CREDIBILITY-20261010-P0-07,T06-F3-S1-AUTH-GENERATED-CREDIBILITY-20261010,image authenticity explanation credibility,image authenticity explanation credibility,0,7,7,Exploring athlete brand image development on social media: The role of signalling through source credibility,"S Na, T Kunkel, J Doyle — European Sport Management Quarterly, 2020",https://www.tandfonline.com/doi/abs/10.1080/16184742.2019.1662465,不相关：体育营销中的来源可信度,研究社交媒体内容的来源可信度/运动员品牌形象，不涉及图像伪造检测或模型解释。,Google Scholar相关搜索建议页首屏可见题名、作者/年份/来源和摘要片段；仅作题录/摘要级逐位置筛查。,"https://scholar.google.com/scholar?hl=zh-CN&as_sdt=0,5&qsp=2&q=image+authenticity+explanation+credibility&qst=bl",2026-10-10T10:59:08+00:00
V2E-T06-F3-S1-AUTH-GENERATED-CREDIBILITY-20261010-P0-08,T06-F3-S1-AUTH-GENERATED-CREDIBILITY-20261010,image authenticity explanation credibility,image authenticity explanation credibility,0,8,8,The influence of perceived credibility on purchase intention via competence and authenticity,"JH Kim, H Song — International Journal of Hospitality Management, 2020",https://www.sciencedirect.com/science/article/pii/S0278431920301699,不相关：旅游/餐饮消费意向,研究酒店/餐饮真实性与购买意向，不是图像取证或解释可靠性。,Google Scholar相关搜索建议页首屏可见题名、作者/年份/来源和摘要片段；仅作题录/摘要级逐位置筛查。,"https://scholar.google.com/scholar?hl=zh-CN&as_sdt=0,5&qsp=2&q=image+authenticity+explanation+credibility&qst=bl",2026-10-10T10:59:08+00:00
V2E-T06-F3-S1-AUTH-GENERATED-CREDIBILITY-20261010-P0-09,T06-F3-S1-AUTH-GENERATED-CREDIBILITY-20261010,image authenticity explanation credibility,image authenticity explanation credibility,0,9,9,Exploring the effectiveness of digital manipulation disclosures for Instagram posts on source credibility and authenticity of social media influencers,"M Mucundorfeanu, DC Balaban et al. — International Journal of Advertising, 2025",https://www.tandfonline.com/doi/abs/10.1080/02650487.2024.2381973,数字操纵披露与人类信任的低优先邻接,研究数字操纵披露对网红来源可信度/真实性感知的影响；可作人类对操纵提示反应的背景，但未研究图像取证模型解释或其事实忠实性。,Google Scholar相关搜索建议页首屏可见题名、作者/年份/来源和摘要片段；仅作题录/摘要级逐位置筛查。,"https://scholar.google.com/scholar?hl=zh-CN&as_sdt=0,5&qsp=2&q=image+authenticity+explanation+credibility&qst=bl",2026-10-10T10:59:08+00:00
V2E-T06-F3-S1-AUTH-GENERATED-CREDIBILITY-20261010-P0-10,T06-F3-S1-AUTH-GENERATED-CREDIBILITY-20261010,image authenticity explanation credibility,image authenticity explanation credibility,0,10,10,Implied Authenticity Effect? The Impact of Explicit Labels on AI-Generated Content,"F Pawelczyk, D Dimmery, P Yan et al. — AAAI Conference on Web and Social Media, 2026",https://ojs.aaai.org/index.php/ICWSM/article/view/42721,AI生成内容标签与人类判断的邻接；不涉及模型解释,关注明确标签对AI生成内容可信度/真实性感知的影响；不是针对图像鉴伪模型或解释证据正确性的研究。,Google Scholar相关搜索建议页首屏可见题名、作者/年份/来源和摘要片段；仅作题录/摘要级逐位置筛查。,"https://scholar.google.com/scholar?hl=zh-CN&as_sdt=0,5&qsp=2&q=image+authenticity+explanation+credibility&qst=bl",2026-10-10T10:59:08+00:00
